query	target	aligned_genes	percent_genes	aligned_length	percent_length	identity	score
uvig_409809	CheckV-033722	13	40.62	3800	49.28	54.87	2085.06
uvig_409809	CheckV-033283	9	28.12	2964	38.44	46.47	1377.37
uvig_409809	CheckV-031709	6	18.75	1118	14.5	74.04	827.77
uvig_409809	CheckV-031424	5	15.62	1263	16.38	65.08	821.96
uvig_409809	CheckV-036688	5	15.62	946	12.27	64.41	609.32
uvig_409809	CheckV-035246	2	6.25	1466	19.01	37.72	552.98
uvig_409809	CheckV-037130	4	12.5	1029	13.34	50.7	521.7
uvig_409809	CheckV-037381	4	12.5	1013	13.14	50.73	513.89
uvig_409809	CheckV-038025	4	12.5	1013	13.14	50.73	513.89
uvig_409809	CheckV-028497	3	9.38	524	6.8	92.58	485.12
uvig_409809	CheckV-031872	4	12.5	876	11.36	53.56	469.19
uvig_409809	CheckV-033747	4	12.5	953	12.36	48.74	464.49
uvig_409809	CheckV-035567	4	12.5	964	12.5	47.76	460.41
uvig_409809	CheckV-028616	3	9.38	905	11.74	50.43	456.39
uvig_409809	CheckV-037017	3	9.38	520	6.74	86.07	447.56
uvig_409809	CheckV-048497	3	9.38	1118	14.5	34.79	388.95
uvig_409809	CheckV-029189	2	6.25	416	5.39	93.03	387.0
uvig_409809	CheckV-005547	2	6.25	720	9.34	53.0	381.6
uvig_409809	CheckV-038798	2	6.25	720	9.34	52.91	380.95
uvig_409809	CheckV-025565	2	6.25	416	5.39	91.38	380.14
uvig_409809	CheckV-025629	2	6.25	416	5.39	89.98	374.32
uvig_409809	CheckV-023070	2	6.25	416	5.39	89.22	371.16
uvig_409809	CheckV-037988	2	6.25	782	10.14	46.82	366.13
uvig_409809	CheckV-034268	2	6.25	801	10.39	44.62	357.41
uvig_409809	CheckV-060424	2	6.25	659	8.55	54.19	357.11
uvig_409809	CheckV-038623	2	6.25	782	10.14	45.38	354.87
uvig_409809	CheckV-038836	3	9.38	1118	14.5	31.68	354.18
uvig_409809	CheckV-020860	3	9.38	1215	15.76	28.7	348.7
uvig_409809	CheckV-023071	3	9.38	1190	15.43	28.96	344.62
uvig_409809	CheckV-027896	3	9.38	680	8.82	49.96	339.73
uvig_409809	CheckV-023242	2	6.25	623	8.08	54.44	339.16
uvig_409809	CheckV-031481	4	12.5	573	7.43	57.69	330.56
uvig_409809	CheckV-031826	2	6.25	782	10.14	41.93	327.89
uvig_409809	CheckV-020361	2	6.25	920	11.93	35.47	326.32
uvig_409809	CheckV-023217	4	12.5	638	8.27	50.7	323.47
uvig_409809	CheckV-027396	4	12.5	638	8.27	50.4	321.55
uvig_409809	CheckV-036943	2	6.25	852	11.05	37.24	317.28
uvig_409809	CheckV-037059	1	3.12	357	4.63	88.8	317.02
uvig_409809	CheckV-027766	3	9.38	927	12.02	34.03	315.46
uvig_409809	CheckV-036225	2	6.25	852	11.05	36.85	313.96
uvig_409809	CheckV-022200	3	9.38	719	9.32	43.59	313.41
uvig_409809	CheckV-029437	3	9.38	927	12.02	33.65	311.94
uvig_409809	CheckV-046159	2	6.25	920	11.93	33.74	310.41
uvig_409809	CheckV-044956	2	6.25	920	11.93	33.74	310.41
uvig_409809	CheckV-034120	3	9.38	829	10.75	37.22	308.55
uvig_409809	CheckV-006776	3	9.38	927	12.02	33.21	307.86
uvig_409809	CheckV-006673	3	9.38	927	12.02	33.16	307.39
uvig_409809	CheckV-022398	3	9.38	927	12.02	33.01	306.0
uvig_409809	CheckV-022411	3	9.38	927	12.02	32.98	305.72
uvig_409809	CheckV-006457	3	9.38	927	12.02	32.84	304.43
uvig_409809	CheckV-028651	3	9.38	659	8.55	45.68	301.03
uvig_409809	CheckV-033663	2	6.25	729	9.45	41.2	300.35
uvig_409809	CheckV-014260	3	9.38	1056	13.69	28.13	297.05
uvig_409809	CheckV-039456	2	6.25	782	10.14	37.98	297.0
uvig_409809	CheckV-030128	2	6.25	729	9.45	40.3	293.79
uvig_409809	CheckV-014120	3	9.38	1056	13.69	27.72	292.72
uvig_409809	CheckV-029595	2	6.25	782	10.14	37.18	290.75
uvig_409809	CheckV-014235	3	9.38	1056	13.69	27.45	289.87
uvig_409809	CheckV-045258	2	6.25	729	9.45	39.6	288.68
uvig_409809	CheckV-034868	2	6.25	782	10.14	36.79	287.7
uvig_409809	CheckV-011251	2	6.25	782	10.14	36.57	285.98
uvig_409809	CheckV-037138	2	6.25	782	10.14	36.52	285.59
uvig_409809	CheckV-027537	3	9.38	530	6.87	53.75	284.88
uvig_409809	CheckV-032095	2	6.25	782	10.14	36.38	284.49
uvig_409809	CheckV-038736	2	6.25	782	10.14	36.38	284.49
uvig_409809	CheckV-043387	2	6.25	729	9.45	39.0	284.31
uvig_409809	CheckV-046164	2	6.25	729	9.45	39.0	284.31
uvig_409809	CheckV-034878	2	6.25	782	10.14	36.33	284.1
uvig_409809	CheckV-047506	2	6.25	693	8.99	40.89	283.37
uvig_409809	CheckV-031876	2	6.25	920	11.93	30.8	283.36
uvig_409809	CheckV-035862	2	6.25	920	11.93	30.77	283.08
uvig_409809	CheckV-031115	2	6.25	920	11.93	30.66	282.07
uvig_409809	CheckV-038239	2	6.25	782	10.14	36.05	281.91
uvig_409809	CheckV-038704	2	6.25	782	10.14	35.93	280.97
uvig_409809	CheckV-036671	2	6.25	782	10.14	35.83	280.19
uvig_409809	CheckV-028239	2	6.25	782	10.14	35.73	279.41
uvig_409809	CheckV-031273	2	6.25	782	10.14	35.61	278.47
uvig_409809	CheckV-036214	2	6.25	782	10.14	35.61	278.47
uvig_409809	CheckV-022719	2	6.25	782	10.14	35.32	276.2
uvig_409809	CheckV-029643	2	6.25	782	10.14	35.24	275.58
uvig_409809	CheckV-022144	3	9.38	506	6.56	54.43	275.42
uvig_409809	CheckV-028634	2	6.25	782	10.14	34.9	272.92
uvig_409809	CheckV-027362	3	9.38	702	9.1	38.76	272.1
uvig_409809	CheckV-006469	3	9.38	530	6.87	51.05	270.56
uvig_409809	CheckV-038550	2	6.25	920	11.93	29.2	268.64
uvig_409809	CheckV-022060	3	9.38	650	8.43	41.27	268.26
uvig_409809	CheckV-037198	2	6.25	529	6.86	50.41	266.67
uvig_409809	CheckV-034909	2	6.25	529	6.86	50.28	265.98
uvig_409809	CheckV-024065	2	6.25	529	6.86	50.28	265.98
uvig_409809	CheckV-031268	2	6.25	529	6.86	50.08	264.92
uvig_409809	CheckV-027312	1	3.12	425	5.51	62.3	264.77
uvig_409809	CheckV-031261	2	6.25	529	6.86	49.88	263.87
uvig_409809	CheckV-012474	2	6.25	729	9.45	36.16	263.61
uvig_409809	CheckV-021939	1	3.12	425	5.51	62.0	263.5
uvig_409809	CheckV-038984	3	9.38	751	9.74	35.01	262.93
uvig_409809	CheckV-018322	2	6.25	529	6.86	49.44	261.54
uvig_409809	CheckV-035587	1	3.12	425	5.51	61.5	261.38
uvig_409809	CheckV-035836	1	3.12	425	5.51	61.5	261.38
uvig_409809	CheckV-026215	1	3.12	1041	13.5	25.1	261.29
uvig_409809	CheckV-031741	2	6.25	920	11.93	28.4	261.28
uvig_409809	CheckV-012335	2	6.25	920	11.93	28.22	259.62
uvig_409809	CheckV-027969	1	3.12	425	5.51	60.7	257.98
uvig_409809	CheckV-037781	2	6.25	920	11.93	27.89	256.59
uvig_409809	CheckV-036345	1	3.12	425	5.51	60.1	255.43
uvig_409809	CheckV-032872	1	3.12	425	5.51	59.9	254.57
uvig_409809	CheckV-011168	2	6.25	693	8.99	36.57	253.43
uvig_409809	CheckV-026642	2	6.25	733	9.51	34.23	250.91
uvig_409809	CheckV-032149	2	6.25	632	8.2	39.48	249.51
uvig_409809	CheckV-026073	1	3.12	425	5.51	58.3	247.78
uvig_409809	CheckV-027700	1	3.12	425	5.51	58.3	247.78
uvig_409809	CheckV-024121	2	6.25	632	8.2	39.09	247.05
uvig_409809	CheckV-022196	1	3.12	425	5.51	58.1	246.93
uvig_409809	CheckV-029187	1	3.12	425	5.51	57.9	246.07
uvig_409809	CheckV-035550	3	9.38	530	6.87	46.37	245.76
uvig_409809	CheckV-014534	2	6.25	693	8.99	35.34	244.91
uvig_409809	CheckV-028456	3	9.38	530	6.87	46.2	244.86
uvig_409809	CheckV-022004	1	3.12	425	5.51	57.6	244.8
uvig_409809	CheckV-058737	2	6.25	920	11.93	26.59	244.63
uvig_409809	CheckV-036814	1	3.12	425	5.51	57.5	244.38
uvig_409809	CheckV-037239	2	6.25	693	8.99	35.23	244.14
uvig_409809	CheckV-025482	1	3.12	425	5.51	57.4	243.95
uvig_409809	CheckV-034987	1	3.12	425	5.51	57.4	243.95
uvig_409809	CheckV-017010	2	6.25	693	8.99	35.16	243.66
uvig_409809	CheckV-035359	3	9.38	530	6.87	45.92	243.38
uvig_409809	CheckV-037083	3	9.38	597	7.74	40.75	243.28
uvig_409809	CheckV-038985	1	3.12	425	5.51	57.1	242.68
uvig_409809	CheckV-036253	1	3.12	425	5.51	57.0	242.25
uvig_409809	CheckV-033315	2	6.25	693	8.99	34.59	239.71
uvig_409809	CheckV-027183	2	6.25	693	8.99	34.59	239.71
uvig_409809	CheckV-025696	1	3.12	425	5.51	56.2	238.85
uvig_409809	CheckV-025903	2	6.25	693	8.99	34.44	238.67
uvig_409809	CheckV-037463	2	6.25	693	8.99	34.43	238.6
uvig_409809	CheckV-038648	2	6.25	733	9.51	32.54	238.52
uvig_409809	CheckV-026956	1	3.12	425	5.51	56.1	238.43
uvig_409809	CheckV-037457	3	9.38	530	6.87	44.96	238.29
uvig_409809	CheckV-038263	2	6.25	693	8.99	34.37	238.18
uvig_409809	CheckV-026110	2	6.25	693	8.99	34.37	238.18
uvig_409809	CheckV-029208	1	3.12	425	5.51	55.9	237.57
uvig_409809	CheckV-044714	1	3.12	425	5.51	55.9	237.57
uvig_409809	CheckV-029058	1	3.12	425	5.51	55.6	236.3
uvig_409809	CheckV-008459	2	6.25	693	8.99	34.03	235.83
uvig_409809	CheckV-003161	2	6.25	714	9.26	33.03	235.83
uvig_409809	CheckV-035933	1	3.12	425	5.51	55.2	234.6
uvig_409809	CheckV-037410	1	3.12	425	5.51	55.2	234.6
uvig_409809	CheckV-022036	1	3.12	425	5.51	55.2	234.6
uvig_409809	CheckV-026845	2	6.25	632	8.2	37.08	234.35
uvig_409809	CheckV-034988	1	3.12	425	5.51	55.1	234.18
uvig_409809	CheckV-035992	1	3.12	425	5.51	55.0	233.75
uvig_409809	CheckV-003466	2	6.25	493	6.39	47.41	233.73
uvig_409809	CheckV-027223	2	6.25	461	5.98	50.53	232.94
uvig_409809	CheckV-031997	3	9.38	465	6.03	49.9	232.03
uvig_409809	CheckV-039478	2	6.25	693	8.99	33.47	231.95
uvig_409809	CheckV-028232	1	3.12	425	5.51	54.5	231.62
uvig_409809	CheckV-032005	2	6.25	693	8.99	33.41	231.53
uvig_409809	CheckV-026570	2	6.25	611	7.92	37.73	230.53
uvig_409809	CheckV-026103	2	6.25	611	7.92	37.56	229.49
uvig_409809	CheckV-027316	1	3.12	425	5.51	53.9	229.07
uvig_409809	CheckV-024972	2	6.25	693	8.99	32.96	228.41
uvig_409809	CheckV-037144	2	6.25	599	7.77	37.96	227.38
uvig_409809	CheckV-024015	2	6.25	693	8.99	32.81	227.37
uvig_409809	CheckV-046114	2	6.25	693	8.99	32.7	226.61
uvig_409809	CheckV-036973	2	6.25	416	5.39	53.57	222.85
uvig_409809	CheckV-014044	1	3.12	425	5.51	52.2	221.85
uvig_409809	CheckV-036198	2	6.25	719	9.32	30.82	221.6
uvig_409809	CheckV-039197	1	3.12	357	4.63	62.0	221.34
uvig_409809	CheckV-027524	1	3.12	425	5.51	51.7	219.72
uvig_409809	CheckV-036321	3	9.38	561	7.28	39.16	219.69
uvig_409809	CheckV-005536	1	3.12	425	5.51	51.5	218.88
uvig_409809	CheckV-025872	1	3.12	425	5.51	51.4	218.45
uvig_409809	CheckV-035304	1	3.12	425	5.51	51.3	218.03
uvig_409809	CheckV-022421	1	3.12	425	5.51	51.3	218.03
uvig_409809	CheckV-038890	1	3.12	425	5.51	51.3	218.03
uvig_409809	CheckV-014043	1	3.12	425	5.51	51.2	217.6
uvig_409809	CheckV-029532	3	9.38	561	7.28	38.78	217.56
uvig_409809	CheckV-027650	2	6.25	720	9.34	30.15	217.08
uvig_409809	CheckV-002919	2	6.25	790	10.25	27.47	217.01
uvig_409809	CheckV-023251	2	6.25	720	9.34	30.1	216.72
uvig_409809	CheckV-033426	2	6.25	729	9.45	29.62	215.93
uvig_409809	CheckV-027041	1	3.12	425	5.51	50.8	215.9
uvig_409809	CheckV-023905	1	3.12	425	5.51	50.8	215.9
uvig_409809	CheckV-035371	1	3.12	425	5.51	50.8	215.9
uvig_409809	CheckV-036839	1	3.12	425	5.51	50.6	215.05
uvig_409809	CheckV-027520	1	3.12	425	5.51	50.6	215.05
uvig_409809	CheckV-023860	1	3.12	425	5.51	50.6	215.05
uvig_409809	CheckV-010552	2	6.25	465	6.03	46.1	214.37
uvig_409809	CheckV-018194	2	6.25	720	9.34	29.77	214.34
uvig_409809	CheckV-026627	2	6.25	630	8.17	33.86	213.32
uvig_409809	CheckV-014812	1	3.12	425	5.51	50.1	212.93
uvig_409809	CheckV-022149	1	3.12	425	5.51	50.1	212.93
uvig_409809	CheckV-026572	1	3.12	425	5.51	50.1	212.93
uvig_409809	CheckV-018356	1	3.12	425	5.51	49.9	212.07
uvig_409809	CheckV-021311	1	3.12	425	5.51	49.8	211.65
uvig_409809	CheckV-026421	1	3.12	425	5.51	49.6	210.8
uvig_409809	CheckV-026872	1	3.12	425	5.51	49.5	210.38
uvig_409809	CheckV-037242	1	3.12	425	5.51	49.5	210.38
uvig_409809	CheckV-021950	1	3.12	425	5.51	49.3	209.53
uvig_409809	CheckV-035099	1	3.12	425	5.51	49.3	209.53
uvig_409809	CheckV-028628	1	3.12	425	5.51	49.3	209.53
uvig_409809	CheckV-020296	1	3.12	425	5.51	49.2	209.1
uvig_409809	CheckV-028946	1	3.12	425	5.51	49.2	209.1
uvig_409809	CheckV-022054	1	3.12	425	5.51	49.1	208.68
uvig_409809	CheckV-035286	1	3.12	425	5.51	49.1	208.68
uvig_409809	CheckV-036332	1	3.12	425	5.51	49.0	208.25
uvig_409809	CheckV-037888	1	3.12	425	5.51	49.0	208.25
uvig_409809	CheckV-031641	1	3.12	425	5.51	48.9	207.82
uvig_409809	CheckV-006570	1	3.12	425	5.51	48.8	207.4
uvig_409809	CheckV-008947	1	3.12	425	5.51	48.8	207.4
uvig_409809	CheckV-024011	1	3.12	425	5.51	48.6	206.55
uvig_409809	CheckV-028380	1	3.12	425	5.51	48.6	206.55
uvig_409809	CheckV-028647	1	3.12	425	5.51	48.5	206.12
uvig_409809	CheckV-031840	1	3.12	425	5.51	48.4	205.7
uvig_409809	CheckV-022132	1	3.12	425	5.51	48.4	205.7
uvig_409809	CheckV-038849	1	3.12	425	5.51	48.4	205.7
uvig_409809	CheckV-035651	2	6.25	611	7.92	33.63	205.48
uvig_409809	CheckV-003160	1	3.12	425	5.51	48.3	205.28
uvig_409809	CheckV-037279	2	6.25	446	5.78	46.0	205.16
uvig_409809	CheckV-027093	1	3.12	425	5.51	48.1	204.43
uvig_409809	CheckV-035778	1	3.12	425	5.51	48.0	204.0
uvig_409809	CheckV-004099	1	3.12	425	5.51	47.8	203.15
uvig_409809	CheckV-035885	2	6.25	719	9.32	28.04	201.61
uvig_409809	CheckV-024475	1	3.12	425	5.51	47.4	201.45
uvig_409809	CheckV-025837	1	3.12	425	5.51	47.4	201.45
uvig_409809	CheckV-023957	1	3.12	425	5.51	47.4	201.45
uvig_409809	CheckV-031906	1	3.12	425	5.51	47.4	201.45
uvig_409809	CheckV-036838	1	3.12	425	5.51	47.4	201.45
uvig_409809	CheckV-036578	1	3.12	425	5.51	47.4	201.45
uvig_409809	CheckV-035772	2	6.25	338	4.38	59.32	200.5
uvig_409809	CheckV-028600	2	6.25	611	7.92	32.76	200.16
uvig_409809	CheckV-029426	1	3.12	425	5.51	46.9	199.32
uvig_409809	CheckV-027628	1	3.12	425	5.51	46.8	198.9
uvig_409809	CheckV-026869	2	6.25	611	7.92	32.42	198.09
uvig_409809	CheckV-013601	2	6.25	611	7.92	32.24	196.99
uvig_409809	CheckV-005625	2	6.25	693	8.99	28.23	195.63
uvig_409809	CheckV-037406	1	3.12	425	5.51	45.9	195.07
uvig_409809	CheckV-029206	2	6.25	611	7.92	31.79	194.24
uvig_409809	CheckV-025024	1	3.12	425	5.51	45.3	192.53
uvig_409809	CheckV-020674	1	3.12	425	5.51	45.1	191.68
uvig_409809	CheckV-023165	2	6.25	493	6.39	38.88	191.68
uvig_409809	CheckV-026196	1	3.12	425	5.51	44.9	190.82
uvig_409809	CheckV-036050	1	3.12	425	5.51	44.8	190.4
uvig_409809	CheckV-031628	2	6.25	465	6.03	40.89	190.14
uvig_409809	CheckV-028575	1	3.12	357	4.63	53.1	189.57
uvig_409809	CheckV-037032	1	3.12	495	6.42	38.2	189.09
uvig_409809	CheckV-035086	1	3.12	425	5.51	44.4	188.7
uvig_409809	CheckV-022176	2	6.25	465	6.03	40.51	188.37
uvig_409809	CheckV-023244	2	6.25	465	6.03	40.51	188.37
uvig_409809	CheckV-026008	2	6.25	465	6.03	40.51	188.37
uvig_409809	CheckV-026496	2	6.25	465	6.03	40.51	188.37
uvig_409809	CheckV-026659	2	6.25	465	6.03	40.51	188.37
uvig_409809	CheckV-036108	2	6.25	465	6.03	40.51	188.37
uvig_409809	CheckV-034809	2	6.25	465	6.03	40.51	188.37
uvig_409809	CheckV-026271	2	6.25	465	6.03	40.27	187.26
uvig_409809	CheckV-026425	2	6.25	493	6.39	37.96	187.14
uvig_409809	CheckV-032231	2	6.25	493	6.39	37.96	187.14
uvig_409809	CheckV-011252	2	6.25	493	6.39	37.96	187.14
uvig_409809	CheckV-026937	2	6.25	493	6.39	37.88	186.75
uvig_409809	CheckV-036828	2	6.25	493	6.39	37.88	186.75
uvig_409809	CheckV-025917	2	6.25	465	6.03	40.12	186.56
uvig_409809	CheckV-029229	2	6.25	465	6.03	40.12	186.56
uvig_409809	CheckV-035272	2	6.25	465	6.03	40.12	186.56
uvig_409809	CheckV-039060	2	6.25	465	6.03	40.11	186.51
uvig_409809	CheckV-026185	2	6.25	493	6.39	37.67	185.71
uvig_409809	CheckV-036836	2	6.25	493	6.39	37.67	185.71
uvig_409809	CheckV-031947	1	3.12	357	4.63	51.9	185.28
uvig_409809	CheckV-038130	1	3.12	357	4.63	51.9	185.28
uvig_409809	CheckV-031519	1	3.12	495	6.42	37.4	185.13
uvig_409809	CheckV-037579	1	3.12	495	6.42	37.4	185.13
uvig_409809	CheckV-037464	2	6.25	493	6.39	37.49	184.83
uvig_409809	CheckV-038909	2	6.25	465	6.03	39.74	184.79
uvig_409809	CheckV-027050	2	6.25	493	6.39	37.45	184.63
uvig_409809	CheckV-028216	2	6.25	493	6.39	37.45	184.63
uvig_409809	CheckV-028557	2	6.25	493	6.39	37.45	184.63
uvig_409809	CheckV-015460	1	3.12	357	4.63	51.6	184.21
uvig_409809	CheckV-024839	1	3.12	495	6.42	37.2	184.14
uvig_409809	CheckV-025314	1	3.12	495	6.42	37.2	184.14
uvig_409809	CheckV-044337	1	3.12	495	6.42	37.2	184.14
uvig_409809	CheckV-022102	2	6.25	493	6.39	37.3	183.89
uvig_409809	CheckV-025727	2	6.25	623	8.08	29.46	183.54
uvig_409809	CheckV-038442	2	6.25	493	6.39	37.2	183.4
uvig_409809	CheckV-037767	2	6.25	493	6.39	37.19	183.35
uvig_409809	CheckV-033346	1	3.12	495	6.42	37.0	183.15
uvig_409809	CheckV-043314	1	3.12	495	6.42	37.0	183.15
uvig_409809	CheckV-046631	1	3.12	495	6.42	37.0	183.15
uvig_409809	CheckV-023412	1	3.12	495	6.42	37.0	183.15
uvig_409809	CheckV-027873	2	6.25	493	6.39	37.09	182.85
uvig_409809	CheckV-037425	2	6.25	493	6.39	37.09	182.85
uvig_409809	CheckV-027172	1	3.12	495	6.42	36.9	182.66
uvig_409809	CheckV-026565	2	6.25	493	6.39	37.01	182.46
uvig_409809	CheckV-024259	2	6.25	493	6.39	37.01	182.46
uvig_409809	CheckV-014214	2	6.25	561	7.28	32.52	182.44
uvig_409809	CheckV-060219	1	3.12	495	6.42	36.8	182.16
uvig_409809	CheckV-022705	2	6.25	493	6.39	36.87	181.77
uvig_409809	CheckV-022590	1	3.12	357	4.63	50.9	181.71
uvig_409809	CheckV-048259	2	6.25	529	6.86	34.34	181.66
uvig_409809	CheckV-030939	1	3.12	495	6.42	36.7	181.66
uvig_409809	CheckV-026311	2	6.25	493	6.39	36.8	181.42
uvig_409809	CheckV-026361	2	6.25	465	6.03	38.97	181.21
uvig_409809	CheckV-038143	1	3.12	495	6.42	36.5	180.68
uvig_409809	CheckV-036901	1	3.12	495	6.42	36.5	180.68
uvig_409809	CheckV-043377	1	3.12	495	6.42	36.5	180.68
uvig_409809	CheckV-010559	1	3.12	495	6.42	36.5	180.68
uvig_409809	CheckV-010567	1	3.12	495	6.42	36.5	180.68
uvig_409809	CheckV-059088	1	3.12	495	6.42	36.5	180.68
uvig_409809	CheckV-060218	1	3.12	495	6.42	36.5	180.68
uvig_409809	CheckV-024178	1	3.12	495	6.42	36.5	180.68
uvig_409809	CheckV-031900	1	3.12	495	6.42	36.5	180.68
uvig_409809	CheckV-038502	2	6.25	493	6.39	36.65	180.68
uvig_409809	CheckV-028439	2	6.25	493	6.39	36.65	180.68
uvig_409809	CheckV-035697	2	6.25	493	6.39	36.65	180.68
uvig_409809	CheckV-038649	2	6.25	493	6.39	36.65	180.68
uvig_409809	CheckV-022143	2	6.25	416	5.39	43.37	180.42
uvig_409809	CheckV-037087	1	3.12	357	4.63	50.5	180.28
uvig_409809	CheckV-032077	2	6.25	493	6.39	36.55	180.19
uvig_409809	CheckV-036464	2	6.25	493	6.39	36.55	180.19
uvig_409809	CheckV-044797	1	3.12	495	6.42	36.4	180.18
uvig_409809	CheckV-024558	1	3.12	495	6.42	36.4	180.18
uvig_409809	CheckV-030130	1	3.12	495	6.42	36.3	179.69
uvig_409809	CheckV-033415	1	3.12	495	6.42	36.3	179.69
uvig_409809	CheckV-060217	1	3.12	495	6.42	36.3	179.69
uvig_409809	CheckV-048415	1	3.12	495	6.42	36.3	179.69
uvig_409809	CheckV-060215	1	3.12	495	6.42	36.3	179.69
uvig_409809	CheckV-044440	1	3.12	495	6.42	36.3	179.69
uvig_409809	CheckV-011199	1	3.12	495	6.42	36.3	179.69
uvig_409809	CheckV-014232	1	3.12	357	4.63	50.3	179.57
uvig_409809	CheckV-024489	2	6.25	631	8.18	28.44	179.46
uvig_409809	CheckV-025433	2	6.25	631	8.18	28.44	179.46
uvig_409809	CheckV-025120	2	6.25	493	6.39	36.4	179.45
uvig_409809	CheckV-022022	1	3.12	425	5.51	42.2	179.35
uvig_409809	CheckV-024526	2	6.25	493	6.39	36.36	179.25
uvig_409809	CheckV-026713	2	6.25	493	6.39	36.36	179.25
uvig_409809	CheckV-036955	2	6.25	493	6.39	36.36	179.25
uvig_409809	CheckV-022135	2	6.25	493	6.39	36.25	178.71
uvig_409809	CheckV-024587	1	3.12	495	6.42	36.1	178.69
uvig_409809	CheckV-042871	1	3.12	495	6.42	36.1	178.69
uvig_409809	CheckV-042979	1	3.12	495	6.42	36.1	178.69
uvig_409809	CheckV-053864	1	3.12	495	6.42	36.1	178.69
uvig_409809	CheckV-059911	1	3.12	495	6.42	36.0	178.2
uvig_409809	CheckV-026137	1	3.12	495	6.42	36.0	178.2
uvig_409809	CheckV-024052	1	3.12	495	6.42	35.9	177.71
uvig_409809	CheckV-037926	1	3.12	495	6.42	35.9	177.71
uvig_409809	CheckV-042942	1	3.12	495	6.42	35.9	177.71
uvig_409809	CheckV-006985	1	3.12	495	6.42	35.9	177.71
uvig_409809	CheckV-026324	2	6.25	493	6.39	36.0	177.48
uvig_409809	CheckV-036004	2	6.25	493	6.39	36.0	177.48
uvig_409809	CheckV-028489	1	3.12	495	6.42	35.8	177.21
uvig_409809	CheckV-026551	2	6.25	493	6.39	35.94	177.18
uvig_409809	CheckV-026709	1	3.12	495	6.42	35.7	176.72
uvig_409809	CheckV-023948	1	3.12	495	6.42	35.7	176.72
uvig_409809	CheckV-006887	1	3.12	495	6.42	35.7	176.72
uvig_409809	CheckV-022484	2	6.25	493	6.39	35.75	176.25
uvig_409809	CheckV-024943	2	6.25	493	6.39	35.75	176.25
uvig_409809	CheckV-014407	1	3.12	495	6.42	35.6	176.22
uvig_409809	CheckV-035556	1	3.12	495	6.42	35.6	176.22
uvig_409809	CheckV-035243	1	3.12	495	6.42	35.6	176.22
uvig_409809	CheckV-036984	1	3.12	495	6.42	35.6	176.22
uvig_409809	CheckV-037057	1	3.12	495	6.42	35.6	176.22
uvig_409809	CheckV-037195	1	3.12	495	6.42	35.6	176.22
uvig_409809	CheckV-023921	2	6.25	493	6.39	35.71	176.05
uvig_409809	CheckV-024364	1	3.12	495	6.42	35.5	175.72
uvig_409809	CheckV-037338	1	3.12	495	6.42	35.5	175.72
uvig_409809	CheckV-024362	2	6.25	493	6.39	35.58	175.41
uvig_409809	CheckV-036161	2	6.25	493	6.39	35.58	175.41
uvig_409809	CheckV-039479	1	3.12	234	3.03	74.9	175.27
uvig_409809	CheckV-032914	1	3.12	495	6.42	35.4	175.23
uvig_409809	CheckV-020584	1	3.12	495	6.42	35.4	175.23
uvig_409809	CheckV-044750	1	3.12	495	6.42	35.4	175.23
uvig_409809	CheckV-056542	1	3.12	495	6.42	35.4	175.23
uvig_409809	CheckV-049719	1	3.12	495	6.42	35.4	175.23
uvig_409809	CheckV-046141	1	3.12	495	6.42	35.4	175.23
uvig_409809	CheckV-042941	1	3.12	495	6.42	35.4	175.23
uvig_409809	CheckV-044813	1	3.12	495	6.42	35.4	175.23
uvig_409809	CheckV-045029	1	3.12	495	6.42	35.4	175.23
uvig_409809	CheckV-046393	1	3.12	495	6.42	35.3	174.74
uvig_409809	CheckV-048419	1	3.12	495	6.42	35.2	174.24
uvig_409809	CheckV-027256	1	3.12	495	6.42	35.2	174.24
uvig_409809	CheckV-049018	1	3.12	495	6.42	35.1	173.75
uvig_409809	CheckV-042112	1	3.12	495	6.42	35.1	173.75
uvig_409809	CheckV-043455	1	3.12	495	6.42	35.1	173.75
uvig_409809	CheckV-042870	1	3.12	495	6.42	34.9	172.75
uvig_409809	CheckV-037277	1	3.12	495	6.42	34.9	172.75
uvig_409809	CheckV-042977	1	3.12	495	6.42	34.9	172.75
uvig_409809	CheckV-028538	1	3.12	495	6.42	34.9	172.75
uvig_409809	CheckV-037049	1	3.12	495	6.42	34.8	172.26
uvig_409809	CheckV-024573	1	3.12	495	6.42	34.8	172.26
uvig_409809	CheckV-042978	1	3.12	495	6.42	34.7	171.76
uvig_409809	CheckV-042974	1	3.12	495	6.42	34.7	171.76
uvig_409809	CheckV-038752	1	3.12	357	4.63	48.1	171.72
uvig_409809	CheckV-024872	1	3.12	495	6.42	34.6	171.27
uvig_409809	CheckV-022204	1	3.12	495	6.42	34.5	170.78
uvig_409809	CheckV-024479	1	3.12	495	6.42	34.5	170.78
uvig_409809	CheckV-020304	1	3.12	495	6.42	34.5	170.78
uvig_409809	CheckV-037031	1	3.12	495	6.42	34.5	170.78
uvig_409809	CheckV-027685	1	3.12	495	6.42	34.4	170.28
uvig_409809	CheckV-028374	1	3.12	495	6.42	34.4	170.28
uvig_409809	CheckV-037503	1	3.12	495	6.42	34.3	169.78
uvig_409809	CheckV-032094	1	3.12	495	6.42	34.3	169.78
uvig_409809	CheckV-033368	1	3.12	495	6.42	34.2	169.29
uvig_409809	CheckV-024237	1	3.12	495	6.42	34.2	169.29
uvig_409809	CheckV-039496	1	3.12	495	6.42	34.2	169.29
uvig_409809	CheckV-037998	1	3.12	357	4.63	47.4	169.22
uvig_409809	CheckV-029559	1	3.12	357	4.63	47.4	169.22
uvig_409809	CheckV-036648	1	3.12	357	4.63	47.4	169.22
uvig_409809	CheckV-036903	1	3.12	495	6.42	34.1	168.79
uvig_409809	CheckV-038242	1	3.12	495	6.42	34.1	168.79
uvig_409809	CheckV-033311	1	3.12	495	6.42	34.0	168.3
uvig_409809	CheckV-031716	1	3.12	495	6.42	33.9	167.81
uvig_409809	CheckV-026794	1	3.12	495	6.42	33.9	167.81
uvig_409809	CheckV-027109	1	3.12	495	6.42	33.8	167.31
uvig_409809	CheckV-035005	1	3.12	495	6.42	33.8	167.31
uvig_409809	CheckV-006961	1	3.12	495	6.42	33.8	167.31
uvig_409809	CheckV-037923	1	3.12	495	6.42	33.8	167.31
uvig_409809	CheckV-037193	1	3.12	495	6.42	33.7	166.81
uvig_409809	CheckV-056494	1	3.12	357	4.63	46.7	166.72
uvig_409809	CheckV-056493	1	3.12	357	4.63	46.7	166.72
uvig_409809	CheckV-023263	1	3.12	357	4.63	46.6	166.36
uvig_409809	CheckV-031119	1	3.12	495	6.42	33.6	166.32
uvig_409809	CheckV-036168	1	3.12	495	6.42	33.6	166.32
uvig_409809	CheckV-035737	1	3.12	495	6.42	33.6	166.32
uvig_409809	CheckV-023603	1	3.12	495	6.42	33.5	165.82
uvig_409809	CheckV-023720	1	3.12	495	6.42	33.3	164.84
uvig_409809	CheckV-032002	1	3.12	495	6.42	33.3	164.84
uvig_409809	CheckV-025612	1	3.12	495	6.42	33.3	164.84
uvig_409809	CheckV-036178	1	3.12	495	6.42	33.3	164.84
uvig_409809	CheckV-029549	1	3.12	234	3.03	70.4	164.74
uvig_409809	CheckV-035557	1	3.12	234	3.03	70.4	164.74
uvig_409809	CheckV-026830	2	6.25	533	6.91	30.79	164.11
uvig_409809	CheckV-038333	1	3.12	495	6.42	33.1	163.84
uvig_409809	CheckV-022881	1	3.12	495	6.42	32.9	162.85
uvig_409809	CheckV-028606	1	3.12	357	4.63	45.5	162.44
uvig_409809	CheckV-015451	1	3.12	495	6.42	32.7	161.87
uvig_409809	CheckV-012371	1	3.12	495	6.42	32.5	160.88
uvig_409809	CheckV-035843	1	3.12	495	6.42	32.4	160.38
uvig_409809	CheckV-038479	1	3.12	357	4.63	44.9	160.29
uvig_409809	CheckV-039028	1	3.12	357	4.63	44.9	160.29
uvig_409809	CheckV-000243	2	6.25	611	7.92	26.2	160.08
uvig_409809	CheckV-031707	1	3.12	234	3.03	68.4	160.06
uvig_409809	CheckV-024623	1	3.12	357	4.63	44.8	159.94
uvig_409809	CheckV-025630	1	3.12	357	4.63	44.7	159.58
uvig_409809	CheckV-022748	1	3.12	357	4.63	44.6	159.22
uvig_409809	CheckV-026750	2	6.25	533	6.91	29.76	158.62
uvig_409809	CheckV-015458	1	3.12	357	4.63	44.4	158.51
uvig_409809	CheckV-028662	2	6.25	533	6.91	29.67	158.14
uvig_409809	CheckV-022232	2	6.25	533	6.91	29.64	157.98
uvig_409809	CheckV-039261	1	3.12	357	4.63	44.2	157.79
uvig_409809	CheckV-037268	2	6.25	533	6.91	29.56	157.55
uvig_409809	CheckV-024551	2	6.25	533	6.91	29.51	157.29
uvig_409809	CheckV-035462	2	6.25	533	6.91	29.44	156.92
uvig_409809	CheckV-006260	1	3.12	495	6.42	31.7	156.91
uvig_409809	CheckV-038738	1	3.12	357	4.63	43.9	156.72
uvig_409809	CheckV-027618	2	6.25	533	6.91	29.4	156.7
uvig_409809	CheckV-034530	2	6.25	533	6.91	29.4	156.7
uvig_409809	CheckV-035119	2	6.25	533	6.91	29.35	156.44
uvig_409809	CheckV-039285	2	6.25	533	6.91	29.35	156.44
uvig_409809	CheckV-027964	1	3.12	495	6.42	31.6	156.42
uvig_409809	CheckV-022771	2	6.25	533	6.91	29.27	156.01
uvig_409809	CheckV-055401	1	3.12	495	6.42	31.4	155.43
uvig_409809	CheckV-006391	1	3.12	495	6.42	31.4	155.43
uvig_409809	CheckV-014410	1	3.12	495	6.42	31.4	155.43
uvig_409809	CheckV-027610	2	6.25	533	6.91	29.16	155.42
uvig_409809	CheckV-035940	2	6.25	533	6.91	29.16	155.42
uvig_409809	CheckV-038388	2	6.25	533	6.91	29.16	155.42
uvig_409809	CheckV-004177	1	3.12	357	4.63	43.5	155.29
uvig_409809	CheckV-038332	1	3.12	357	4.63	43.4	154.94
uvig_409809	CheckV-022462	1	3.12	357	4.63	43.4	154.94
uvig_409809	CheckV-031348	1	3.12	425	5.51	36.4	154.7
uvig_409809	CheckV-024512	2	6.25	533	6.91	29.0	154.57
uvig_409809	CheckV-052183	1	3.12	495	6.42	31.1	153.94
uvig_409809	CheckV-035459	1	3.12	357	4.63	43.1	153.87
uvig_409809	CheckV-031428	1	3.12	357	4.63	43.1	153.87
uvig_409809	CheckV-021998	1	3.12	357	4.63	43.1	153.87
uvig_409809	CheckV-022145	1	3.12	357	4.63	43.1	153.87
uvig_409809	CheckV-026386	1	3.12	357	4.63	43.1	153.87
uvig_409809	CheckV-026980	1	3.12	357	4.63	43.1	153.87
uvig_409809	CheckV-027116	1	3.12	357	4.63	43.1	153.87
uvig_409809	CheckV-038557	1	3.12	357	4.63	43.1	153.87
uvig_409809	CheckV-038789	1	3.12	357	4.63	43.1	153.87
uvig_409809	CheckV-035972	1	3.12	357	4.63	43.1	153.87
uvig_409809	CheckV-036210	1	3.12	357	4.63	43.1	153.87
uvig_409809	CheckV-026228	2	6.25	533	6.91	28.76	153.29
uvig_409809	CheckV-024606	1	3.12	357	4.63	42.9	153.15
uvig_409809	CheckV-048030	1	3.12	295	3.83	51.9	153.1
uvig_409809	CheckV-050278	1	3.12	295	3.83	51.9	153.1
uvig_409809	CheckV-047500	1	3.12	295	3.83	51.9	153.1
uvig_409809	CheckV-035645	1	3.12	376	4.88	40.6	152.66
uvig_409809	CheckV-022358	2	6.25	533	6.91	28.64	152.65
uvig_409809	CheckV-007002	1	3.12	234	3.03	65.2	152.57
uvig_409809	CheckV-000868	1	3.12	495	6.42	30.8	152.46
uvig_409809	CheckV-034374	2	6.25	533	6.91	28.59	152.38
uvig_409809	CheckV-037683	1	3.12	234	3.03	65.1	152.33
uvig_409809	CheckV-031311	1	3.12	357	4.63	42.6	152.08
uvig_409809	CheckV-033375	1	3.12	495	6.42	30.6	151.47
uvig_409809	CheckV-020730	1	3.12	495	6.42	30.6	151.47
uvig_409809	CheckV-036303	2	6.25	533	6.91	28.4	151.37
uvig_409809	CheckV-023194	1	3.12	357	4.63	42.4	151.37
uvig_409809	CheckV-014433	1	3.12	357	4.63	42.3	151.01
uvig_409809	CheckV-039221	2	6.25	533	6.91	28.32	150.95
uvig_409809	CheckV-034653	1	3.12	357	4.63	42.2	150.65
uvig_409809	CheckV-035854	1	3.12	495	6.42	30.4	150.48
uvig_409809	CheckV-033696	1	3.12	234	3.03	64.3	150.46
uvig_409809	CheckV-026335	1	3.12	234	3.03	64.3	150.46
uvig_409809	CheckV-006065	1	3.12	234	3.03	64.3	150.46
uvig_409809	CheckV-037857	2	6.25	533	6.91	28.19	150.25
uvig_409809	CheckV-025332	2	6.25	533	6.91	28.16	150.09
uvig_409809	CheckV-025701	1	3.12	357	4.63	41.9	149.58
uvig_409809	CheckV-046050	1	3.12	295	3.83	50.6	149.27
uvig_409809	CheckV-021150	1	3.12	357	4.63	41.8	149.23
uvig_409809	CheckV-027276	1	3.12	357	4.63	41.8	149.23
uvig_409809	CheckV-059708	1	3.12	495	6.42	30.0	148.5
uvig_409809	CheckV-038132	1	3.12	495	6.42	29.9	148.0
uvig_409809	CheckV-060423	1	3.12	357	4.63	41.3	147.44
uvig_409809	CheckV-060425	1	3.12	357	4.63	41.3	147.44
uvig_409809	CheckV-022797	2	6.25	431	5.59	34.2	147.4
uvig_409809	CheckV-039011	1	3.12	357	4.63	41.0	146.37
uvig_409809	CheckV-026339	1	3.12	338	4.38	43.2	146.02
uvig_409809	CheckV-036983	1	3.12	338	4.38	43.2	146.02
uvig_409809	CheckV-027089	1	3.12	357	4.63	40.9	146.01
uvig_409809	CheckV-027574	1	3.12	357	4.63	40.9	146.01
uvig_409809	CheckV-029563	1	3.12	357	4.63	40.8	145.66
uvig_409809	CheckV-024954	1	3.12	357	4.63	40.8	145.66
uvig_409809	CheckV-022429	2	6.25	431	5.59	33.7	145.25
uvig_409809	CheckV-027108	1	3.12	338	4.38	42.9	145.0
uvig_409809	CheckV-034881	1	3.12	357	4.63	40.5	144.59
uvig_409809	CheckV-039345	1	3.12	357	4.63	40.5	144.59
uvig_409809	CheckV-012545	1	3.12	425	5.51	33.9	144.07
uvig_409809	CheckV-022331	2	6.25	431	5.59	33.36	143.78
uvig_409809	CheckV-022559	1	3.12	357	4.63	40.2	143.51
uvig_409809	CheckV-022106	1	3.12	338	4.38	42.3	142.97
uvig_409809	CheckV-027484	1	3.12	425	5.51	33.5	142.38
uvig_409809	CheckV-026698	1	3.12	338	4.38	42.0	141.96
uvig_409809	CheckV-027728	1	3.12	338	4.38	42.0	141.96
uvig_409809	CheckV-031645	1	3.12	234	3.03	60.6	141.8
uvig_409809	CheckV-038893	1	3.12	357	4.63	39.6	141.37
uvig_409809	CheckV-035222	1	3.12	357	4.63	39.6	141.37
uvig_409809	CheckV-014130	1	3.12	357	4.63	39.5	141.01
uvig_409809	CheckV-038501	1	3.12	234	3.03	60.1	140.63
uvig_409809	CheckV-024415	1	3.12	338	4.38	41.6	140.61
uvig_409809	CheckV-036414	1	3.12	357	4.63	39.3	140.3
uvig_409809	CheckV-037837	1	3.12	338	4.38	41.5	140.27
uvig_409809	CheckV-018540	1	3.12	376	4.88	37.3	140.25
uvig_409809	CheckV-022736	1	3.12	376	4.88	37.3	140.25
uvig_409809	CheckV-000158	1	3.12	357	4.63	39.1	139.59
uvig_409809	CheckV-038454	1	3.12	357	4.63	39.1	139.59
uvig_409809	CheckV-039417	1	3.12	376	4.88	37.1	139.5
uvig_409809	CheckV-038786	1	3.12	357	4.63	39.0	139.23
uvig_409809	CheckV-023189	1	3.12	295	3.83	47.1	138.94
uvig_409809	CheckV-007098	1	3.12	425	5.51	32.6	138.55
uvig_409809	CheckV-025810	1	3.12	357	4.63	38.8	138.52
uvig_409809	CheckV-010057	1	3.12	376	4.88	36.8	138.37
uvig_409809	CheckV-008961	1	3.12	357	4.63	38.7	138.16
uvig_409809	CheckV-023032	1	3.12	425	5.51	32.5	138.12
uvig_409809	CheckV-024620	1	3.12	357	4.63	38.6	137.8
uvig_409809	CheckV-007168	1	3.12	495	6.42	27.8	137.61
uvig_409809	CheckV-006851	1	3.12	357	4.63	38.5	137.44
uvig_409809	CheckV-014437	1	3.12	425	5.51	32.3	137.27
uvig_409809	CheckV-024517	1	3.12	376	4.88	36.5	137.24
uvig_409809	CheckV-027475	1	3.12	376	4.88	36.5	137.24
uvig_409809	CheckV-006910	1	3.12	495	6.42	27.7	137.12
uvig_409809	CheckV-023237	1	3.12	376	4.88	36.4	136.86
uvig_409809	CheckV-037409	1	3.12	376	4.88	36.4	136.86
uvig_409809	CheckV-023191	1	3.12	425	5.51	32.2	136.85
uvig_409809	CheckV-021375	1	3.12	495	6.42	27.6	136.62
uvig_409809	CheckV-045820	1	3.12	425	5.51	32.1	136.43
uvig_409809	CheckV-023011	1	3.12	357	4.63	38.2	136.37
uvig_409809	CheckV-024604	1	3.12	234	3.03	58.2	136.19
uvig_409809	CheckV-039310	1	3.12	234	3.03	58.2	136.19
uvig_409809	CheckV-022668	1	3.12	425	5.51	32.0	136.0
uvig_409809	CheckV-034907	1	3.12	234	3.03	58.1	135.95
uvig_409809	CheckV-037098	1	3.12	376	4.88	36.1	135.74
uvig_409809	CheckV-033797	1	3.12	357	4.63	37.9	135.3
uvig_409809	CheckV-025522	1	3.12	357	4.63	37.8	134.95
uvig_409809	CheckV-025744	1	3.12	495	6.42	27.2	134.64
uvig_409809	CheckV-039415	1	3.12	425	5.51	31.6	134.3
uvig_409809	CheckV-023352	1	3.12	376	4.88	35.7	134.23
uvig_409809	CheckV-027649	1	3.12	234	3.03	57.3	134.08
uvig_409809	CheckV-027830	1	3.12	376	4.88	35.6	133.86
uvig_409809	CheckV-024899	1	3.12	376	4.88	35.6	133.86
uvig_409809	CheckV-031646	1	3.12	338	4.38	39.6	133.85
uvig_409809	CheckV-020932	1	3.12	357	4.63	37.4	133.52
uvig_409809	CheckV-014094	1	3.12	357	4.63	37.3	133.16
uvig_409809	CheckV-022885	1	3.12	357	4.63	37.3	133.16
uvig_409809	CheckV-024665	1	3.12	376	4.88	35.4	133.1
uvig_409809	CheckV-010636	1	3.12	376	4.88	35.4	133.1
uvig_409809	CheckV-036224	1	3.12	338	4.38	39.3	132.83
uvig_409809	CheckV-013808	1	3.12	357	4.63	37.2	132.8
uvig_409809	CheckV-032816	1	3.12	425	5.51	31.2	132.6
uvig_409809	CheckV-003122	1	3.12	425	5.51	31.2	132.6
uvig_409809	CheckV-035574	1	3.12	357	4.63	37.1	132.45
uvig_409809	CheckV-025573	1	3.12	376	4.88	35.2	132.35
uvig_409809	CheckV-006428	1	3.12	376	4.88	35.2	132.35
uvig_409809	CheckV-015260	1	3.12	425	5.51	31.1	132.18
uvig_409809	CheckV-037597	1	3.12	376	4.88	35.1	131.98
uvig_409809	CheckV-014161	1	3.12	425	5.51	31.0	131.75
uvig_409809	CheckV-029587	1	3.12	234	3.03	56.2	131.51
uvig_409809	CheckV-046224	1	3.12	425	5.51	30.9	131.32
uvig_409809	CheckV-037949	1	3.12	376	4.88	34.9	131.22
uvig_409809	CheckV-032179	1	3.12	376	4.88	34.9	131.22
uvig_409809	CheckV-025157	1	3.12	495	6.42	26.5	131.18
uvig_409809	CheckV-035199	1	3.12	357	4.63	36.7	131.02
uvig_409809	CheckV-004172	1	3.12	357	4.63	36.7	131.02
uvig_409809	CheckV-056599	1	3.12	425	5.51	30.7	130.47
uvig_409809	CheckV-025164	1	3.12	425	5.51	30.7	130.47
uvig_409809	CheckV-033633	1	3.12	376	4.88	34.7	130.47
uvig_409809	CheckV-035558	2	6.25	337	4.37	38.68	130.35
uvig_409809	CheckV-023248	1	3.12	495	6.42	26.3	130.19
uvig_409809	CheckV-019996	1	3.12	425	5.51	30.6	130.05
uvig_409809	CheckV-004105	1	3.12	425	5.51	30.6	130.05
uvig_409809	CheckV-038197	1	3.12	357	4.63	36.4	129.95
uvig_409809	CheckV-014253	1	3.12	425	5.51	30.5	129.62
uvig_409809	CheckV-035582	1	3.12	425	5.51	30.5	129.62
uvig_409809	CheckV-022209	1	3.12	357	4.63	36.3	129.59
uvig_409809	CheckV-026761	1	3.12	357	4.63	36.3	129.59
uvig_409809	CheckV-014848	1	3.12	234	3.03	55.3	129.4
uvig_409809	CheckV-023337	1	3.12	376	4.88	34.4	129.34
uvig_409809	CheckV-036442	1	3.12	376	4.88	34.4	129.34
uvig_409809	CheckV-059014	1	3.12	425	5.51	30.4	129.2
uvig_409809	CheckV-025520	1	3.12	295	3.83	43.7	128.91
uvig_409809	CheckV-026227	1	3.12	295	3.83	43.7	128.91
uvig_409809	CheckV-021165	1	3.12	425	5.51	30.3	128.78
uvig_409809	CheckV-027170	1	3.12	425	5.51	30.3	128.78
uvig_409809	CheckV-035762	1	3.12	234	3.03	55.0	128.7
uvig_409809	CheckV-006906	1	3.12	234	3.03	55.0	128.7
uvig_409809	CheckV-005487	1	3.12	376	4.88	34.2	128.59
uvig_409809	CheckV-023950	1	3.12	357	4.63	36.0	128.52
uvig_409809	CheckV-024102	1	3.12	234	3.03	54.9	128.47
uvig_409809	CheckV-015466	1	3.12	425	5.51	30.2	128.35
uvig_409809	CheckV-016552	1	3.12	425	5.51	30.2	128.35
uvig_409809	CheckV-036383	1	3.12	295	3.83	43.5	128.32
uvig_409809	CheckV-026085	1	3.12	376	4.88	34.1	128.22
uvig_409809	CheckV-037577	1	3.12	376	4.88	34.1	128.22
uvig_409809	CheckV-043292	1	3.12	495	6.42	25.9	128.21
uvig_409809	CheckV-020690	1	3.12	357	4.63	35.9	128.16
uvig_409809	CheckV-048258	1	3.12	425	5.51	30.1	127.92
uvig_409809	CheckV-048340	1	3.12	425	5.51	30.1	127.92
uvig_409809	CheckV-014611	1	3.12	425	5.51	30.1	127.92
uvig_409809	CheckV-026012	1	3.12	376	4.88	34.0	127.84
uvig_409809	CheckV-031820	1	3.12	357	4.63	35.8	127.81
uvig_409809	CheckV-029558	2	6.25	341	4.42	37.41	127.57
uvig_409809	CheckV-029408	1	3.12	234	3.03	54.5	127.53
uvig_409809	CheckV-055084	1	3.12	425	5.51	30.0	127.5
uvig_409809	CheckV-045195	1	3.12	425	5.51	30.0	127.5
uvig_409809	CheckV-044399	1	3.12	425	5.51	30.0	127.5
uvig_409809	CheckV-021203	1	3.12	357	4.63	35.7	127.45
uvig_409809	CheckV-022706	1	3.12	357	4.63	35.7	127.45
uvig_409809	CheckV-006196	1	3.12	357	4.63	35.7	127.45
uvig_409809	CheckV-021947	1	3.12	495	6.42	25.7	127.22
uvig_409809	CheckV-009263	1	3.12	234	3.03	54.3	127.06
uvig_409809	CheckV-039303	1	3.12	234	3.03	54.3	127.06
uvig_409809	CheckV-005622	1	3.12	234	3.03	54.2	126.83
uvig_409809	CheckV-025846	1	3.12	357	4.63	35.5	126.73
uvig_409809	CheckV-028602	1	3.12	357	4.63	35.5	126.73
uvig_409809	CheckV-035716	1	3.12	376	4.88	33.7	126.71
uvig_409809	CheckV-031369	2	6.25	341	4.42	37.15	126.68
uvig_409809	CheckV-017810	1	3.12	425	5.51	29.8	126.65
uvig_409809	CheckV-006253	2	6.25	341	4.42	37.09	126.48
uvig_409809	CheckV-027579	1	3.12	357	4.63	35.4	126.38
uvig_409809	CheckV-014109	1	3.12	357	4.63	35.4	126.38
uvig_409809	CheckV-026451	1	3.12	425	5.51	29.7	126.22
uvig_409809	CheckV-029070	1	3.12	357	4.63	35.3	126.02
uvig_409809	CheckV-022702	1	3.12	357	4.63	35.3	126.02
uvig_409809	CheckV-029533	1	3.12	357	4.63	35.3	126.02
uvig_409809	CheckV-034624	1	3.12	357	4.63	35.3	126.02
uvig_409809	CheckV-031813	1	3.12	357	4.63	35.3	126.02
uvig_409809	CheckV-037612	1	3.12	357	4.63	35.3	126.02
uvig_409809	CheckV-020344	1	3.12	425	5.51	29.6	125.8
uvig_409809	CheckV-035370	1	3.12	357	4.63	35.2	125.66
uvig_409809	CheckV-031660	1	3.12	425	5.51	29.5	125.38
uvig_409809	CheckV-036058	1	3.12	357	4.63	35.1	125.31
uvig_409809	CheckV-011047	1	3.12	234	3.03	53.4	124.96
uvig_409809	CheckV-030955	1	3.12	425	5.51	29.4	124.95
uvig_409809	CheckV-031606	1	3.12	376	4.88	33.2	124.83
uvig_409809	CheckV-022430	1	3.12	338	4.38	36.9	124.72
uvig_409809	CheckV-022917	1	3.12	357	4.63	34.9	124.59
uvig_409809	CheckV-034983	1	3.12	425	5.51	29.3	124.53
uvig_409809	CheckV-030934	1	3.12	425	5.51	29.3	124.53
uvig_409809	CheckV-026780	1	3.12	376	4.88	33.1	124.46
uvig_409809	CheckV-022190	1	3.12	376	4.88	33.1	124.46
uvig_409809	CheckV-025815	1	3.12	357	4.63	34.8	124.24
uvig_409809	CheckV-037740	1	3.12	357	4.63	34.8	124.24
uvig_409809	CheckV-035756	1	3.12	357	4.63	34.8	124.24
uvig_409809	CheckV-045231	1	3.12	425	5.51	29.2	124.1
uvig_409809	CheckV-044393	1	3.12	425	5.51	29.2	124.1
uvig_409809	CheckV-014062	1	3.12	338	4.38	36.7	124.05
uvig_409809	CheckV-038415	1	3.12	357	4.63	34.7	123.88
uvig_409809	CheckV-038457	2	6.25	341	4.42	36.27	123.68
uvig_409809	CheckV-039046	1	3.12	425	5.51	29.1	123.67
uvig_409809	CheckV-016149	1	3.12	425	5.51	29.1	123.67
uvig_409809	CheckV-033714	1	3.12	234	3.03	52.8	123.55
uvig_409809	CheckV-036519	1	3.12	357	4.63	34.6	123.52
uvig_409809	CheckV-034898	1	3.12	357	4.63	34.6	123.52
uvig_409809	CheckV-037019	1	3.12	357	4.63	34.6	123.52
uvig_409809	CheckV-027656	1	3.12	357	4.63	34.6	123.52
uvig_409809	CheckV-024845	2	6.25	341	4.42	36.21	123.48
uvig_409809	CheckV-010834	1	3.12	425	5.51	29.0	123.25
uvig_409809	CheckV-021137	1	3.12	357	4.63	34.5	123.17
uvig_409809	CheckV-019346	1	3.12	425	5.51	28.9	122.83
uvig_409809	CheckV-040231	1	3.12	425	5.51	28.9	122.83
uvig_409809	CheckV-027559	1	3.12	357	4.63	34.4	122.81
uvig_409809	CheckV-022644	1	3.12	357	4.63	34.4	122.81
uvig_409809	CheckV-023573	1	3.12	376	4.88	32.6	122.58
uvig_409809	CheckV-030898	1	3.12	357	4.63	34.3	122.45
uvig_409809	CheckV-035098	1	3.12	357	4.63	34.3	122.45
uvig_409809	CheckV-025170	1	3.12	357	4.63	34.3	122.45
uvig_409809	CheckV-031287	1	3.12	357	4.63	34.3	122.45
uvig_409809	CheckV-035811	1	3.12	357	4.63	34.3	122.45
uvig_409809	CheckV-032096	1	3.12	357	4.63	34.3	122.45
uvig_409809	CheckV-020686	1	3.12	357	4.63	34.2	122.09
uvig_409809	CheckV-021558	1	3.12	425	5.51	28.7	121.97
uvig_409809	CheckV-056393	1	3.12	425	5.51	28.7	121.97
uvig_409809	CheckV-001669	1	3.12	425	5.51	28.7	121.97
uvig_409809	CheckV-022674	2	6.25	341	4.42	35.73	121.84
uvig_409809	CheckV-024917	1	3.12	357	4.63	34.1	121.74
uvig_409809	CheckV-035667	1	3.12	357	4.63	34.1	121.74
uvig_409809	CheckV-023109	1	3.12	357	4.63	34.1	121.74
uvig_409809	CheckV-036427	1	3.12	376	4.88	32.3	121.45
uvig_409809	CheckV-027025	1	3.12	357	4.63	34.0	121.38
uvig_409809	CheckV-039333	1	3.12	425	5.51	28.5	121.12
uvig_409809	CheckV-027648	1	3.12	376	4.88	32.2	121.07
uvig_409809	CheckV-031394	1	3.12	376	4.88	32.2	121.07
uvig_409809	CheckV-035018	1	3.12	376	4.88	32.2	121.07
uvig_409809	CheckV-031710	1	3.12	357	4.63	33.9	121.02
uvig_409809	CheckV-035211	1	3.12	295	3.83	41.0	120.95
uvig_409809	CheckV-021678	1	3.12	425	5.51	28.4	120.7
uvig_409809	CheckV-024533	1	3.12	357	4.63	33.8	120.67
uvig_409809	CheckV-023294	1	3.12	357	4.63	33.8	120.67
uvig_409809	CheckV-030145	1	3.12	357	4.63	33.7	120.31
uvig_409809	CheckV-025648	1	3.12	357	4.63	33.7	120.31
uvig_409809	CheckV-038955	1	3.12	357	4.63	33.7	120.31
uvig_409809	CheckV-026345	1	3.12	357	4.63	33.7	120.31
uvig_409809	CheckV-022121	1	3.12	357	4.63	33.7	120.31
uvig_409809	CheckV-054728	1	3.12	425	5.51	28.3	120.28
uvig_409809	CheckV-059136	1	3.12	425	5.51	28.3	120.28
uvig_409809	CheckV-002213	1	3.12	425	5.51	28.3	120.28
uvig_409809	CheckV-048476	1	3.12	425	5.51	28.3	120.28
uvig_409809	CheckV-054934	1	3.12	425	5.51	28.3	120.28
uvig_409809	CheckV-044834	1	3.12	425	5.51	28.3	120.28
uvig_409809	CheckV-053963	1	3.12	425	5.51	28.3	120.28
uvig_409809	CheckV-061061	1	3.12	425	5.51	28.3	120.28
uvig_409809	CheckV-061063	1	3.12	425	5.51	28.3	120.28
uvig_409809	CheckV-061067	1	3.12	425	5.51	28.3	120.28
uvig_409809	CheckV-061068	1	3.12	425	5.51	28.3	120.28
uvig_409809	CheckV-061070	1	3.12	425	5.51	28.3	120.28
uvig_409809	CheckV-058372	1	3.12	425	5.51	28.3	120.28
uvig_409809	CheckV-055963	1	3.12	425	5.51	28.3	120.28
uvig_409809	CheckV-015140	1	3.12	425	5.51	28.3	120.28
uvig_409809	CheckV-027406	1	3.12	425	5.51	28.3	120.28
uvig_409809	CheckV-032009	1	3.12	495	6.42	24.3	120.28
uvig_409809	CheckV-048475	1	3.12	425	5.51	28.2	119.85
uvig_409809	CheckV-046085	1	3.12	425	5.51	28.2	119.85
uvig_409809	CheckV-024996	1	3.12	357	4.63	33.5	119.59
uvig_409809	CheckV-038274	1	3.12	357	4.63	33.5	119.59
uvig_409809	CheckV-036447	1	3.12	357	4.63	33.5	119.59
uvig_409809	CheckV-018326	1	3.12	376	4.88	31.8	119.57
uvig_409809	CheckV-025474	1	3.12	376	4.88	31.8	119.57
uvig_409809	CheckV-014706	1	3.12	425	5.51	28.1	119.42
uvig_409809	CheckV-001021	1	3.12	425	5.51	28.1	119.42
uvig_409809	CheckV-026174	1	3.12	495	6.42	24.1	119.3
uvig_409809	CheckV-014405	1	3.12	376	4.88	31.7	119.19
uvig_409809	CheckV-003459	1	3.12	376	4.88	31.7	119.19
uvig_409809	CheckV-027390	1	3.12	234	3.03	50.9	119.11
uvig_409809	CheckV-059966	1	3.12	425	5.51	28.0	119.0
uvig_409809	CheckV-060478	1	3.12	425	5.51	28.0	119.0
uvig_409809	CheckV-037276	1	3.12	425	5.51	28.0	119.0
uvig_409809	CheckV-027638	1	3.12	357	4.63	33.3	118.88
uvig_409809	CheckV-038261	1	3.12	357	4.63	33.3	118.88
uvig_409809	CheckV-038812	1	3.12	357	4.63	33.3	118.88
uvig_409809	CheckV-038924	1	3.12	357	4.63	33.3	118.88
uvig_409809	CheckV-034958	1	3.12	357	4.63	33.3	118.88
uvig_409809	CheckV-037380	1	3.12	357	4.63	33.3	118.88
uvig_409809	CheckV-034356	1	3.12	357	4.63	33.3	118.88
uvig_409809	CheckV-038470	1	3.12	357	4.63	33.3	118.88
uvig_409809	CheckV-022459	1	3.12	357	4.63	33.3	118.88
uvig_409809	CheckV-022181	1	3.12	357	4.63	33.3	118.88
uvig_409809	CheckV-026609	1	3.12	357	4.63	33.2	118.52
uvig_409809	CheckV-027343	1	3.12	357	4.63	33.2	118.52
uvig_409809	CheckV-014958	1	3.12	357	4.63	33.2	118.52
uvig_409809	CheckV-037558	1	3.12	357	4.63	33.2	118.52
uvig_409809	CheckV-023264	1	3.12	357	4.63	33.2	118.52
uvig_409809	CheckV-022910	1	3.12	357	4.63	33.2	118.52
uvig_409809	CheckV-038784	1	3.12	495	6.42	23.9	118.31
uvig_409809	CheckV-037791	1	3.12	425	5.51	27.8	118.15
uvig_409809	CheckV-037009	1	3.12	425	5.51	27.8	118.15
uvig_409809	CheckV-037061	1	3.12	425	5.51	27.8	118.15
uvig_409809	CheckV-038393	1	3.12	357	4.63	33.0	117.81
uvig_409809	CheckV-022223	1	3.12	357	4.63	33.0	117.81
uvig_409809	CheckV-061064	1	3.12	425	5.51	27.7	117.72
uvig_409809	CheckV-037388	1	3.12	234	3.03	50.3	117.7
uvig_409809	CheckV-054929	1	3.12	425	5.51	27.6	117.3
uvig_409809	CheckV-061065	1	3.12	425	5.51	27.6	117.3
uvig_409809	CheckV-061069	1	3.12	425	5.51	27.6	117.3
uvig_409809	CheckV-061062	1	3.12	425	5.51	27.6	117.3
uvig_409809	CheckV-042953	1	3.12	425	5.51	27.6	117.3
uvig_409809	CheckV-038523	1	3.12	425	5.51	27.6	117.3
uvig_409809	CheckV-002927	1	3.12	425	5.51	27.6	117.3
uvig_409809	CheckV-002851	1	3.12	425	5.51	27.6	117.3
uvig_409809	CheckV-035529	1	3.12	338	4.38	34.7	117.29
uvig_409809	CheckV-038348	1	3.12	357	4.63	32.8	117.1
uvig_409809	CheckV-017707	1	3.12	425	5.51	27.5	116.88
uvig_409809	CheckV-022112	1	3.12	425	5.51	27.5	116.88
uvig_409809	CheckV-021836	1	3.12	425	5.51	27.5	116.88
uvig_409809	CheckV-017289	1	3.12	425	5.51	27.5	116.88
uvig_409809	CheckV-022792	1	3.12	425	5.51	27.5	116.88
uvig_409809	CheckV-024224	1	3.12	495	6.42	23.6	116.82
uvig_409809	CheckV-022428	1	3.12	357	4.63	32.7	116.74
uvig_409809	CheckV-037478	1	3.12	357	4.63	32.7	116.74
uvig_409809	CheckV-023398	1	3.12	357	4.63	32.7	116.74
uvig_409809	CheckV-025046	1	3.12	357	4.63	32.7	116.74
uvig_409809	CheckV-036764	1	3.12	376	4.88	31.0	116.56
uvig_409809	CheckV-009214	1	3.12	234	3.03	49.8	116.53
uvig_409809	CheckV-002636	1	3.12	425	5.51	27.4	116.45
uvig_409809	CheckV-030938	1	3.12	425	5.51	27.4	116.45
uvig_409809	CheckV-027161	1	3.12	357	4.63	32.6	116.38
uvig_409809	CheckV-007921	1	3.12	425	5.51	27.3	116.03
uvig_409809	CheckV-041141	1	3.12	425	5.51	27.3	116.03
uvig_409809	CheckV-022097	1	3.12	357	4.63	32.5	116.03
uvig_409809	CheckV-027374	1	3.12	357	4.63	32.5	116.03
uvig_409809	CheckV-036931	1	3.12	357	4.63	32.5	116.03
uvig_409809	CheckV-036270	1	3.12	357	4.63	32.5	116.03
uvig_409809	CheckV-038192	1	3.12	357	4.63	32.4	115.67
uvig_409809	CheckV-027393	1	3.12	357	4.63	32.4	115.67
uvig_409809	CheckV-038656	1	3.12	357	4.63	32.4	115.67
uvig_409809	CheckV-018258	1	3.12	425	5.51	27.2	115.6
uvig_409809	CheckV-024491	1	3.12	357	4.63	32.3	115.31
uvig_409809	CheckV-023051	1	3.12	357	4.63	32.3	115.31
uvig_409809	CheckV-026773	1	3.12	357	4.63	32.3	115.31
uvig_409809	CheckV-023562	1	3.12	425	5.51	27.1	115.17
uvig_409809	CheckV-026998	1	3.12	425	5.51	27.1	115.17
uvig_409809	CheckV-003060	1	3.12	425	5.51	27.1	115.17
uvig_409809	CheckV-033550	1	3.12	425	5.51	27.1	115.17
uvig_409809	CheckV-038546	1	3.12	357	4.63	32.2	114.95
uvig_409809	CheckV-037361	1	3.12	357	4.63	32.2	114.95
uvig_409809	CheckV-024852	1	3.12	357	4.63	32.2	114.95
uvig_409809	CheckV-025361	1	3.12	357	4.63	32.2	114.95
uvig_409809	CheckV-026546	1	3.12	357	4.63	32.2	114.95
uvig_409809	CheckV-027037	1	3.12	357	4.63	32.2	114.95
uvig_409809	CheckV-028221	1	3.12	357	4.63	32.2	114.95
uvig_409809	CheckV-029609	1	3.12	357	4.63	32.2	114.95
uvig_409809	CheckV-029654	1	3.12	357	4.63	32.2	114.95
uvig_409809	CheckV-006294	1	3.12	357	4.63	32.2	114.95
uvig_409809	CheckV-035508	1	3.12	357	4.63	32.2	114.95
uvig_409809	CheckV-010054	1	3.12	338	4.38	34.0	114.92
uvig_409809	CheckV-025635	1	3.12	495	6.42	23.2	114.84
uvig_409809	CheckV-036049	1	3.12	425	5.51	27.0	114.75
uvig_409809	CheckV-038069	1	3.12	357	4.63	32.1	114.6
uvig_409809	CheckV-031296	1	3.12	425	5.51	26.9	114.33
uvig_409809	CheckV-022575	1	3.12	425	5.51	26.9	114.33
uvig_409809	CheckV-038314	1	3.12	338	4.38	33.8	114.24
uvig_409809	CheckV-022601	1	3.12	357	4.63	32.0	114.24
uvig_409809	CheckV-022654	1	3.12	357	4.63	32.0	114.24
uvig_409809	CheckV-038844	1	3.12	294	3.81	38.8	114.07
uvig_409809	CheckV-026905	1	3.12	376	4.88	30.3	113.93
uvig_409809	CheckV-026924	1	3.12	338	4.38	33.7	113.91
uvig_409809	CheckV-024483	1	3.12	338	4.38	33.7	113.91
uvig_409809	CheckV-030944	1	3.12	425	5.51	26.8	113.9
uvig_409809	CheckV-035261	1	3.12	425	5.51	26.8	113.9
uvig_409809	CheckV-036323	1	3.12	425	5.51	26.8	113.9
uvig_409809	CheckV-039454	1	3.12	425	5.51	26.8	113.9
uvig_409809	CheckV-037154	1	3.12	357	4.63	31.9	113.88
uvig_409809	CheckV-038597	1	3.12	357	4.63	31.9	113.88
uvig_409809	CheckV-038596	1	3.12	357	4.63	31.9	113.88
uvig_409809	CheckV-038384	1	3.12	357	4.63	31.9	113.88
uvig_409809	CheckV-029613	1	3.12	357	4.63	31.9	113.88
uvig_409809	CheckV-026933	1	3.12	357	4.63	31.9	113.88
uvig_409809	CheckV-007177	1	3.12	357	4.63	31.9	113.88
uvig_409809	CheckV-022876	1	3.12	357	4.63	31.8	113.53
uvig_409809	CheckV-038095	1	3.12	357	4.63	31.8	113.53
uvig_409809	CheckV-026202	1	3.12	357	4.63	31.8	113.53
uvig_409809	CheckV-027651	1	3.12	357	4.63	31.8	113.53
uvig_409809	CheckV-003454	1	3.12	294	3.81	38.6	113.48
uvig_409809	CheckV-001346	1	3.12	425	5.51	26.7	113.47
uvig_409809	CheckV-022439	1	3.12	425	5.51	26.7	113.47
uvig_409809	CheckV-035388	1	3.12	425	5.51	26.7	113.47
uvig_409809	CheckV-035220	1	3.12	425	5.51	26.7	113.47
uvig_409809	CheckV-038730	1	3.12	425	5.51	26.7	113.47
uvig_409809	CheckV-026036	1	3.12	425	5.51	26.7	113.47
uvig_409809	CheckV-036686	1	3.12	425	5.51	26.7	113.47
uvig_409809	CheckV-036278	1	3.12	425	5.51	26.7	113.47
uvig_409809	CheckV-026014	1	3.12	425	5.51	26.7	113.47
uvig_409809	CheckV-026184	1	3.12	357	4.63	31.7	113.17
uvig_409809	CheckV-022363	1	3.12	357	4.63	31.7	113.17
uvig_409809	CheckV-037481	1	3.12	357	4.63	31.7	113.17
uvig_409809	CheckV-037449	1	3.12	357	4.63	31.7	113.17
uvig_409809	CheckV-024412	1	3.12	357	4.63	31.7	113.17
uvig_409809	CheckV-029223	1	3.12	357	4.63	31.7	113.17
uvig_409809	CheckV-037986	1	3.12	425	5.51	26.6	113.05
uvig_409809	CheckV-034205	1	3.12	357	4.63	31.6	112.81
uvig_409809	CheckV-023960	1	3.12	234	3.03	48.2	112.79
uvig_409809	CheckV-036766	1	3.12	425	5.51	26.5	112.62
uvig_409809	CheckV-036602	1	3.12	425	5.51	26.5	112.62
uvig_409809	CheckV-022704	1	3.12	338	4.38	33.3	112.55
uvig_409809	CheckV-034946	1	3.12	357	4.63	31.5	112.45
uvig_409809	CheckV-032229	1	3.12	357	4.63	31.5	112.45
uvig_409809	CheckV-022243	1	3.12	425	5.51	26.4	112.2
uvig_409809	CheckV-031618	1	3.12	425	5.51	26.4	112.2
uvig_409809	CheckV-024372	1	3.12	425	5.51	26.4	112.2
uvig_409809	CheckV-027622	1	3.12	425	5.51	26.4	112.2
uvig_409809	CheckV-036246	1	3.12	425	5.51	26.4	112.2
uvig_409809	CheckV-037182	1	3.12	425	5.51	26.4	112.2
uvig_409809	CheckV-024114	1	3.12	425	5.51	26.4	112.2
uvig_409809	CheckV-037127	1	3.12	425	5.51	26.4	112.2
uvig_409809	CheckV-007018	1	3.12	425	5.51	26.4	112.2
uvig_409809	CheckV-023592	1	3.12	425	5.51	26.4	112.2
uvig_409809	CheckV-025735	1	3.12	425	5.51	26.4	112.2
uvig_409809	CheckV-025791	1	3.12	425	5.51	26.4	112.2
uvig_409809	CheckV-026944	1	3.12	425	5.51	26.4	112.2
uvig_409809	CheckV-023983	1	3.12	425	5.51	26.4	112.2
uvig_409809	CheckV-032187	1	3.12	425	5.51	26.4	112.2
uvig_409809	CheckV-022168	1	3.12	357	4.63	31.4	112.1
uvig_409809	CheckV-036660	1	3.12	495	6.42	22.6	111.87
uvig_409809	CheckV-027872	1	3.12	425	5.51	26.3	111.78
uvig_409809	CheckV-019406	1	3.12	425	5.51	26.3	111.78
uvig_409809	CheckV-036114	1	3.12	425	5.51	26.3	111.78
uvig_409809	CheckV-022495	1	3.12	357	4.63	31.3	111.74
uvig_409809	CheckV-022199	1	3.12	357	4.63	31.3	111.74
uvig_409809	CheckV-026481	1	3.12	357	4.63	31.3	111.74
uvig_409809	CheckV-034864	1	3.12	357	4.63	31.3	111.74
uvig_409809	CheckV-034859	1	3.12	357	4.63	31.2	111.38
uvig_409809	CheckV-026519	1	3.12	425	5.51	26.2	111.35
uvig_409809	CheckV-002968	1	3.12	425	5.51	26.2	111.35
uvig_409809	CheckV-000568	1	3.12	425	5.51	26.2	111.35
uvig_409809	CheckV-036497	1	3.12	425	5.51	26.2	111.35
uvig_409809	CheckV-023913	1	3.12	425	5.51	26.2	111.35
uvig_409809	CheckV-024418	1	3.12	425	5.51	26.2	111.35
uvig_409809	CheckV-031378	1	3.12	425	5.51	26.2	111.35
uvig_409809	CheckV-035985	1	3.12	425	5.51	26.2	111.35
uvig_409809	CheckV-034938	1	3.12	425	5.51	26.2	111.35
uvig_409809	CheckV-025585	1	3.12	425	5.51	26.2	111.35
uvig_409809	CheckV-032109	1	3.12	425	5.51	26.2	111.35
uvig_409809	CheckV-025959	1	3.12	425	5.51	26.2	111.35
uvig_409809	CheckV-027818	1	3.12	425	5.51	26.2	111.35
uvig_409809	CheckV-030999	1	3.12	425	5.51	26.2	111.35
uvig_409809	CheckV-023272	1	3.12	425	5.51	26.2	111.35
uvig_409809	CheckV-024884	1	3.12	425	5.51	26.2	111.35
uvig_409809	CheckV-038201	1	3.12	338	4.38	32.9	111.2
uvig_409809	CheckV-038485	1	3.12	357	4.63	31.1	111.03
uvig_409809	CheckV-037386	1	3.12	234	3.03	47.4	110.92
uvig_409809	CheckV-028445	1	3.12	425	5.51	26.1	110.92
uvig_409809	CheckV-027877	1	3.12	425	5.51	26.1	110.92
uvig_409809	CheckV-038850	1	3.12	357	4.63	31.0	110.67
uvig_409809	CheckV-003284	1	3.12	425	5.51	26.0	110.5
uvig_409809	CheckV-023410	1	3.12	425	5.51	26.0	110.5
uvig_409809	CheckV-024030	1	3.12	425	5.51	26.0	110.5
uvig_409809	CheckV-023333	1	3.12	425	5.51	26.0	110.5
uvig_409809	CheckV-027972	1	3.12	425	5.51	26.0	110.5
uvig_409809	CheckV-028351	1	3.12	425	5.51	26.0	110.5
uvig_409809	CheckV-026032	1	3.12	425	5.51	26.0	110.5
uvig_409809	CheckV-031974	1	3.12	357	4.63	30.9	110.31
uvig_409809	CheckV-032184	1	3.12	425	5.51	25.9	110.08
uvig_409809	CheckV-024525	1	3.12	425	5.51	25.9	110.08
uvig_409809	CheckV-029570	1	3.12	425	5.51	25.9	110.08
uvig_409809	CheckV-031643	1	3.12	425	5.51	25.9	110.08
uvig_409809	CheckV-027883	1	3.12	425	5.51	25.9	110.08
uvig_409809	CheckV-036723	1	3.12	425	5.51	25.9	110.08
uvig_409809	CheckV-027508	1	3.12	425	5.51	25.9	110.08
uvig_409809	CheckV-025907	1	3.12	425	5.51	25.9	110.08
uvig_409809	CheckV-026535	1	3.12	425	5.51	25.9	110.08
uvig_409809	CheckV-026615	1	3.12	425	5.51	25.9	110.08
uvig_409809	CheckV-028648	1	3.12	425	5.51	25.9	110.08
uvig_409809	CheckV-020792	1	3.12	295	3.83	37.3	110.03
uvig_409809	CheckV-038862	1	3.12	294	3.81	37.4	109.96
uvig_409809	CheckV-013736	1	3.12	338	4.38	32.5	109.85
uvig_409809	CheckV-028264	1	3.12	425	5.51	25.8	109.65
uvig_409809	CheckV-012275	1	3.12	425	5.51	25.8	109.65
uvig_409809	CheckV-035759	1	3.12	425	5.51	25.8	109.65
uvig_409809	CheckV-036444	1	3.12	425	5.51	25.8	109.65
uvig_409809	CheckV-037717	1	3.12	425	5.51	25.8	109.65
uvig_409809	CheckV-023357	1	3.12	425	5.51	25.8	109.65
uvig_409809	CheckV-037537	1	3.12	338	4.38	32.4	109.51
uvig_409809	CheckV-035773	1	3.12	425	5.51	25.7	109.22
uvig_409809	CheckV-006990	1	3.12	425	5.51	25.7	109.22
uvig_409809	CheckV-035745	1	3.12	425	5.51	25.7	109.22
uvig_409809	CheckV-022905	1	3.12	425	5.51	25.7	109.22
uvig_409809	CheckV-036728	1	3.12	425	5.51	25.7	109.22
uvig_409809	CheckV-023880	1	3.12	425	5.51	25.6	108.8
uvig_409809	CheckV-026557	1	3.12	425	5.51	25.6	108.8
uvig_409809	CheckV-025076	1	3.12	425	5.51	25.6	108.8
uvig_409809	CheckV-027658	1	3.12	425	5.51	25.6	108.8
uvig_409809	CheckV-037681	1	3.12	425	5.51	25.6	108.8
uvig_409809	CheckV-036574	1	3.12	425	5.51	25.6	108.8
uvig_409809	CheckV-006298	1	3.12	294	3.81	37.0	108.78
uvig_409809	CheckV-027466	1	3.12	425	5.51	25.5	108.38
uvig_409809	CheckV-027598	1	3.12	425	5.51	25.5	108.38
uvig_409809	CheckV-038305	1	3.12	425	5.51	25.5	108.38
uvig_409809	CheckV-015947	1	3.12	425	5.51	25.5	108.38
uvig_409809	CheckV-033408	2	6.25	172	2.23	63.01	108.38
uvig_409809	CheckV-024083	1	3.12	357	4.63	30.3	108.17
uvig_409809	CheckV-019913	1	3.12	357	4.63	30.3	108.17
uvig_409809	CheckV-006251	1	3.12	425	5.51	25.4	107.95
uvig_409809	CheckV-022184	1	3.12	425	5.51	25.4	107.95
uvig_409809	CheckV-027802	1	3.12	425	5.51	25.4	107.95
uvig_409809	CheckV-021927	1	3.12	425	5.51	25.4	107.95
uvig_409809	CheckV-014153	1	3.12	425	5.51	25.4	107.95
uvig_409809	CheckV-026509	1	3.12	425	5.51	25.4	107.95
uvig_409809	CheckV-036302	1	3.12	425	5.51	25.4	107.95
uvig_409809	CheckV-005812	1	3.12	357	4.63	30.2	107.81
uvig_409809	CheckV-026061	1	3.12	425	5.51	25.3	107.53
uvig_409809	CheckV-027679	1	3.12	425	5.51	25.3	107.53
uvig_409809	CheckV-035895	1	3.12	425	5.51	25.3	107.53
uvig_409809	CheckV-036044	1	3.12	425	5.51	25.3	107.53
uvig_409809	CheckV-020692	1	3.12	357	4.63	30.1	107.46
uvig_409809	CheckV-022131	1	3.12	425	5.51	25.2	107.1
uvig_409809	CheckV-015573	1	3.12	425	5.51	25.2	107.1
uvig_409809	CheckV-014039	1	3.12	425	5.51	25.2	107.1
uvig_409809	CheckV-036544	1	3.12	425	5.51	25.2	107.1
uvig_409809	CheckV-039003	1	3.12	425	5.51	25.2	107.1
uvig_409809	CheckV-032567	1	3.12	425	5.51	25.2	107.1
uvig_409809	CheckV-014440	1	3.12	495	6.42	21.6	106.92
uvig_409809	CheckV-026954	1	3.12	495	6.42	21.6	106.92
uvig_409809	CheckV-028936	1	3.12	357	4.63	29.9	106.74
uvig_409809	CheckV-014168	1	3.12	357	4.63	29.9	106.74
uvig_409809	CheckV-007199	1	3.12	425	5.51	25.1	106.67
uvig_409809	CheckV-038094	1	3.12	425	5.51	25.1	106.67
uvig_409809	CheckV-060492	1	3.12	234	3.03	45.5	106.47
uvig_409809	CheckV-013902	1	3.12	425	5.51	25.0	106.25
uvig_409809	CheckV-020298	1	3.12	376	4.88	28.2	106.03
uvig_409809	CheckV-006680	1	3.12	495	6.42	21.4	105.93
uvig_409809	CheckV-039016	1	3.12	425	5.51	24.9	105.83
uvig_409809	CheckV-036486	1	3.12	425	5.51	24.9	105.83
uvig_409809	CheckV-041244	1	3.12	425	5.51	24.9	105.83
uvig_409809	CheckV-022306	1	3.12	357	4.63	29.6	105.67
uvig_409809	CheckV-031002	2	6.25	204	2.65	51.77	105.61
uvig_409809	CheckV-048175	1	3.12	234	3.03	45.1	105.53
uvig_409809	CheckV-043708	1	3.12	234	3.03	45.1	105.53
uvig_409809	CheckV-046181	1	3.12	234	3.03	45.1	105.53
uvig_409809	CheckV-044503	1	3.12	234	3.03	45.1	105.53
uvig_409809	CheckV-056096	1	3.12	425	5.51	24.8	105.4
uvig_409809	CheckV-037461	1	3.12	425	5.51	24.8	105.4
uvig_409809	CheckV-038941	1	3.12	357	4.63	29.5	105.31
uvig_409809	CheckV-022134	1	3.12	357	4.63	29.5	105.31
uvig_409809	CheckV-037393	1	3.12	357	4.63	29.5	105.31
uvig_409809	CheckV-031980	1	3.12	234	3.03	45.0	105.3
uvig_409809	CheckV-035847	1	3.12	294	3.81	35.8	105.25
uvig_409809	CheckV-039457	1	3.12	294	3.81	35.8	105.25
uvig_409809	CheckV-002571	1	3.12	357	4.63	29.4	104.96
uvig_409809	CheckV-017210	1	3.12	425	5.51	24.5	104.12
uvig_409809	CheckV-000786	1	3.12	425	5.51	24.5	104.12
uvig_409809	CheckV-007156	1	3.12	425	5.51	24.5	104.12
uvig_409809	CheckV-035487	1	3.12	357	4.63	29.1	103.89
uvig_409809	CheckV-038516	1	3.12	357	4.63	29.1	103.89
uvig_409809	CheckV-038685	1	3.12	357	4.63	29.1	103.89
uvig_409809	CheckV-004260	1	3.12	425	5.51	24.4	103.7
uvig_409809	CheckV-024291	1	3.12	357	4.63	29.0	103.53
uvig_409809	CheckV-019386	1	3.12	425	5.51	24.3	103.28
uvig_409809	CheckV-024913	1	3.12	425	5.51	24.3	103.28
uvig_409809	CheckV-027895	1	3.12	425	5.51	24.3	103.28
uvig_409809	CheckV-028527	1	3.12	294	3.81	35.1	103.19
uvig_409809	CheckV-022785	1	3.12	338	4.38	30.5	103.09
uvig_409809	CheckV-010621	1	3.12	357	4.63	28.8	102.82
uvig_409809	CheckV-036306	1	3.12	425	5.51	24.1	102.42
uvig_409809	CheckV-041475	1	3.12	425	5.51	24.1	102.42
uvig_409809	CheckV-041729	1	3.12	425	5.51	24.1	102.42
uvig_409809	CheckV-022343	1	3.12	357	4.63	28.6	102.1
uvig_409809	CheckV-034846	1	3.12	357	4.63	28.6	102.1
uvig_409809	CheckV-021625	1	3.12	357	4.63	28.6	102.1
uvig_409809	CheckV-022782	1	3.12	338	4.38	30.2	102.08
uvig_409809	CheckV-026692	1	3.12	425	5.51	24.0	102.0
uvig_409809	CheckV-036316	1	3.12	425	5.51	24.0	102.0
uvig_409809	CheckV-023844	1	3.12	234	3.03	43.4	101.56
uvig_409809	CheckV-018552	1	3.12	295	3.83	34.4	101.48
uvig_409809	CheckV-016512	1	3.12	425	5.51	23.8	101.15
uvig_409809	CheckV-028452	1	3.12	234	3.03	43.2	101.09
uvig_409809	CheckV-006606	1	3.12	357	4.63	28.3	101.03
uvig_409809	CheckV-043285	1	3.12	495	6.42	20.4	100.98
uvig_409809	CheckV-035541	1	3.12	234	3.03	43.1	100.85
uvig_409809	CheckV-036739	1	3.12	425	5.51	23.7	100.72
uvig_409809	CheckV-056113	1	3.12	425	5.51	23.7	100.72
uvig_409809	CheckV-024960	1	3.12	294	3.81	34.2	100.55
uvig_409809	CheckV-027160	1	3.12	357	4.63	28.1	100.32
uvig_409809	CheckV-037750	1	3.12	338	4.38	29.6	100.05
uvig_409809	CheckV-006624	1	3.12	495	6.42	20.2	99.99
uvig_409809	CheckV-005522	1	3.12	495	6.42	20.2	99.99
uvig_409809	CheckV-012665	1	3.12	357	4.63	28.0	99.96
uvig_409809	CheckV-054580	1	3.12	495	6.42	20.0	99.0
uvig_409809	CheckV-041485	1	3.12	357	4.63	27.5	98.17
uvig_409809	CheckV-031721	1	3.12	338	4.38	29.0	98.02
uvig_409809	CheckV-014831	1	3.12	495	6.42	19.8	98.01
uvig_409809	CheckV-033662	1	3.12	357	4.63	27.4	97.82
uvig_409809	CheckV-022206	1	3.12	357	4.63	27.4	97.82
uvig_409809	CheckV-020236	1	3.12	425	5.51	23.0	97.75
uvig_409809	CheckV-013629	1	3.12	425	5.51	23.0	97.75
uvig_409809	CheckV-022824	1	3.12	295	3.83	33.0	97.35
uvig_409809	CheckV-026340	2	6.25	271	3.51	35.87	97.21
uvig_409809	CheckV-033281	1	3.12	338	4.38	28.7	97.01
uvig_409809	CheckV-023686	1	3.12	295	3.83	32.8	96.76
uvig_409809	CheckV-026677	1	3.12	357	4.63	27.1	96.75
uvig_409809	CheckV-001912	1	3.12	425	5.51	22.7	96.47
uvig_409809	CheckV-018846	1	3.12	425	5.51	22.7	96.47
uvig_409809	CheckV-046173	1	3.12	234	3.03	41.2	96.41
uvig_409809	CheckV-051161	1	3.12	234	3.03	41.2	96.41
uvig_409809	CheckV-043411	1	3.12	234	3.03	41.2	96.41
uvig_409809	CheckV-027322	1	3.12	357	4.63	27.0	96.39
uvig_409809	CheckV-017111	1	3.12	425	5.51	22.6	96.05
uvig_409809	CheckV-013138	1	3.12	425	5.51	22.6	96.05
uvig_409809	CheckV-038997	1	3.12	376	4.88	25.5	95.88
uvig_409809	CheckV-038721	1	3.12	357	4.63	26.8	95.68
uvig_409809	CheckV-041416	1	3.12	425	5.51	22.5	95.62
uvig_409809	CheckV-055285	1	3.12	295	3.83	32.2	94.99
uvig_409809	CheckV-008108	1	3.12	295	3.83	32.1	94.69
uvig_409809	CheckV-013969	1	3.12	357	4.63	26.5	94.61
uvig_409809	CheckV-017743	1	3.12	295	3.83	32.0	94.4
uvig_409809	CheckV-033360	1	3.12	357	4.63	26.4	94.25
uvig_409809	CheckV-013724	1	3.12	273	3.54	34.5	94.19
uvig_409809	CheckV-021497	1	3.12	295	3.83	31.8	93.81
uvig_409809	CheckV-023180	1	3.12	295	3.83	31.7	93.52
uvig_409809	CheckV-022798	1	3.12	295	3.83	31.6	93.22
uvig_409809	CheckV-000196	1	3.12	295	3.83	31.6	93.22
uvig_409809	CheckV-028415	1	3.12	234	3.03	39.5	92.43
uvig_409809	CheckV-005169	1	3.12	295	3.83	31.3	92.33
uvig_409809	CheckV-016020	1	3.12	295	3.83	31.3	92.33
uvig_409809	CheckV-022755	1	3.12	357	4.63	25.8	92.11
uvig_409809	CheckV-032025	1	3.12	234	3.03	39.2	91.73
uvig_409809	CheckV-022477	1	3.12	338	4.38	27.1	91.6
uvig_409809	CheckV-027946	1	3.12	338	4.38	27.1	91.6
uvig_409809	CheckV-018595	1	3.12	295	3.83	30.8	90.86
uvig_409809	CheckV-020863	1	3.12	295	3.83	30.8	90.86
uvig_409809	CheckV-030956	1	3.12	234	3.03	38.7	90.56
uvig_409809	CheckV-005305	1	3.12	295	3.83	30.7	90.56
uvig_409809	CheckV-029128	1	3.12	295	3.83	30.6	90.27
uvig_409809	CheckV-023841	1	3.12	234	3.03	38.5	90.09
uvig_409809	CheckV-027586	2	6.25	172	2.23	52.38	90.09
uvig_409809	CheckV-057820	1	3.12	295	3.83	30.5	89.97
uvig_409809	CheckV-020889	1	3.12	295	3.83	30.5	89.97
uvig_409809	CheckV-038299	1	3.12	295	3.83	30.4	89.68
uvig_409809	CheckV-004675	1	3.12	295	3.83	30.3	89.39
uvig_409809	CheckV-004722	1	3.12	295	3.83	30.3	89.39
uvig_409809	CheckV-031639	1	3.12	273	3.54	32.7	89.27
uvig_409809	CheckV-036710	2	6.25	172	2.23	51.67	88.87
uvig_409809	CheckV-021805	1	3.12	295	3.83	30.1	88.8
uvig_409809	CheckV-048640	1	3.12	295	3.83	30.1	88.8
uvig_409809	CheckV-022051	1	3.12	295	3.83	30.0	88.5
uvig_409809	CheckV-028663	1	3.12	295	3.83	29.9	88.2
uvig_409809	CheckV-038746	1	3.12	295	3.83	29.9	88.2
uvig_409809	CheckV-032182	1	3.12	295	3.83	29.9	88.2
uvig_409809	CheckV-027934	1	3.12	234	3.03	37.6	87.98
uvig_409809	CheckV-059731	1	3.12	295	3.83	29.8	87.91
uvig_409809	CheckV-027425	2	6.25	172	2.23	50.96	87.65
uvig_409809	CheckV-030943	1	3.12	295	3.83	29.7	87.61
uvig_409809	CheckV-048096	1	3.12	234	3.03	37.4	87.52
uvig_409809	CheckV-037042	1	3.12	273	3.54	32.0	87.36
uvig_409809	CheckV-017224	1	3.12	295	3.83	29.6	87.32
uvig_409809	CheckV-009460	1	3.12	295	3.83	29.3	86.44
uvig_409809	CheckV-036036	1	3.12	295	3.83	29.3	86.44
uvig_409809	CheckV-036940	1	3.12	295	3.83	29.3	86.44
uvig_409809	CheckV-008321	1	3.12	295	3.83	29.3	86.44
uvig_409809	CheckV-058412	1	3.12	295	3.83	29.3	86.44
uvig_409809	CheckV-058413	1	3.12	295	3.83	29.3	86.44
uvig_409809	CheckV-057676	1	3.12	295	3.83	29.3	86.44
uvig_409809	CheckV-000535	1	3.12	234	3.03	36.7	85.88
uvig_409809	CheckV-038776	1	3.12	295	3.83	29.1	85.84
uvig_409809	CheckV-037429	1	3.12	273	3.54	31.3	85.45
uvig_409809	CheckV-014090	1	3.12	273	3.54	31.3	85.45
uvig_409809	CheckV-023310	1	3.12	108	1.4	79.0	85.32
uvig_409809	CheckV-018893	1	3.12	295	3.83	28.9	85.25
uvig_409809	CheckV-009058	1	3.12	295	3.83	28.9	85.25
uvig_409809	CheckV-001278	1	3.12	295	3.83	28.9	85.25
uvig_409809	CheckV-028178	1	3.12	295	3.83	28.9	85.25
uvig_409809	CheckV-033411	1	3.12	295	3.83	28.8	84.96
uvig_409809	CheckV-043969	1	3.12	295	3.83	28.8	84.96
uvig_409809	CheckV-001143	1	3.12	295	3.83	28.7	84.67
uvig_409809	CheckV-031353	1	3.12	295	3.83	28.7	84.67
uvig_409809	CheckV-018800	1	3.12	295	3.83	28.5	84.08
uvig_409809	CheckV-040942	1	3.12	295	3.83	28.5	84.08
uvig_409809	CheckV-014019	1	3.12	295	3.83	28.4	83.78
uvig_409809	CheckV-025518	1	3.12	295	3.83	28.4	83.78
uvig_409809	CheckV-038889	1	3.12	198	2.57	42.2	83.56
uvig_409809	CheckV-039701	1	3.12	295	3.83	28.3	83.48
uvig_409809	CheckV-022218	1	3.12	295	3.83	28.3	83.48
uvig_409809	CheckV-035437	1	3.12	295	3.83	28.3	83.48
uvig_409809	CheckV-010375	1	3.12	295	3.83	28.3	83.48
uvig_409809	CheckV-021799	1	3.12	234	3.03	35.6	83.3
uvig_409809	CheckV-025681	1	3.12	295	3.83	28.2	83.19
uvig_409809	CheckV-037807	1	3.12	295	3.83	28.2	83.19
uvig_409809	CheckV-017684	1	3.12	295	3.83	28.2	83.19
uvig_409809	CheckV-029930	1	3.12	295	3.83	28.1	82.89
uvig_409809	CheckV-023395	1	3.12	234	3.03	35.3	82.6
uvig_409809	CheckV-013772	1	3.12	273	3.54	30.2	82.45
uvig_409809	CheckV-016905	1	3.12	234	3.03	35.2	82.37
uvig_409809	CheckV-027151	1	3.12	295	3.83	27.9	82.31
uvig_409809	CheckV-025602	1	3.12	295	3.83	27.9	82.31
uvig_409809	CheckV-026437	1	3.12	295	3.83	27.9	82.31
uvig_409809	CheckV-025869	1	3.12	295	3.83	27.9	82.31
uvig_409809	CheckV-027147	1	3.12	295	3.83	27.9	82.31
uvig_409809	CheckV-035909	1	3.12	295	3.83	27.9	82.31
uvig_409809	CheckV-038051	1	3.12	295	3.83	27.9	82.31
uvig_409809	CheckV-027323	1	3.12	295	3.83	27.9	82.31
uvig_409809	CheckV-059202	1	3.12	295	3.83	27.9	82.31
uvig_409809	CheckV-054705	1	3.12	234	3.03	35.1	82.13
uvig_409809	CheckV-025978	1	3.12	295	3.83	27.8	82.01
uvig_409809	CheckV-003423	1	3.12	295	3.83	27.8	82.01
uvig_409809	CheckV-013713	1	3.12	295	3.83	27.8	82.01
uvig_409809	CheckV-001087	1	3.12	201	2.61	40.7	81.81
uvig_409809	CheckV-017191	1	3.12	295	3.83	27.7	81.72
uvig_409809	CheckV-037901	1	3.12	295	3.83	27.7	81.72
uvig_409809	CheckV-017928	1	3.12	295	3.83	27.7	81.72
uvig_409809	CheckV-054673	1	3.12	234	3.03	34.9	81.67
uvig_409809	CheckV-054588	1	3.12	234	3.03	34.9	81.67
uvig_409809	CheckV-016464	1	3.12	295	3.83	27.6	81.42
uvig_409809	CheckV-032438	1	3.12	295	3.83	27.5	81.12
uvig_409809	CheckV-003010	1	3.12	295	3.83	27.5	81.12
uvig_409809	CheckV-014842	1	3.12	295	3.83	27.5	81.12
uvig_409809	CheckV-014326	1	3.12	234	3.03	34.6	80.96
uvig_409809	CheckV-010345	1	3.12	295	3.83	27.4	80.83
uvig_409809	CheckV-011964	1	3.12	295	3.83	27.4	80.83
uvig_409809	CheckV-006890	1	3.12	234	3.03	34.5	80.73
uvig_409809	CheckV-010690	1	3.12	234	3.03	34.5	80.73
uvig_409809	CheckV-058966	1	3.12	295	3.83	27.3	80.53
uvig_409809	CheckV-058968	1	3.12	295	3.83	27.3	80.53
uvig_409809	CheckV-059203	1	3.12	295	3.83	27.3	80.53
uvig_409809	CheckV-059210	1	3.12	295	3.83	27.3	80.53
uvig_409809	CheckV-059212	1	3.12	295	3.83	27.3	80.53
uvig_409809	CheckV-059215	1	3.12	295	3.83	27.3	80.53
uvig_409809	CheckV-059219	1	3.12	295	3.83	27.3	80.53
uvig_409809	CheckV-059230	1	3.12	295	3.83	27.3	80.53
uvig_409809	CheckV-004676	1	3.12	295	3.83	27.3	80.53
uvig_409809	CheckV-027831	1	3.12	295	3.83	27.3	80.53
uvig_409809	CheckV-031913	1	3.12	295	3.83	27.3	80.53
uvig_409809	CheckV-005531	1	3.12	234	3.03	34.3	80.26
uvig_409809	CheckV-038259	1	3.12	295	3.83	27.2	80.24
uvig_409809	CheckV-038657	1	3.12	295	3.83	27.2	80.24
uvig_409809	CheckV-031004	1	3.12	295	3.83	27.2	80.24
uvig_409809	CheckV-021201	1	3.12	295	3.83	27.2	80.24
uvig_409809	CheckV-021828	1	3.12	295	3.83	27.2	80.24
uvig_409809	CheckV-004651	1	3.12	295	3.83	27.2	80.24
uvig_409809	CheckV-038733	1	3.12	273	3.54	29.3	79.99
uvig_409809	CheckV-038757	1	3.12	295	3.83	27.1	79.94
uvig_409809	CheckV-054640	1	3.12	234	3.03	34.1	79.79
uvig_409809	CheckV-054490	1	3.12	234	3.03	34.1	79.79
uvig_409809	CheckV-021337	1	3.12	295	3.83	27.0	79.65
uvig_409809	CheckV-022123	1	3.12	295	3.83	27.0	79.65
uvig_409809	CheckV-033716	1	3.12	234	3.03	34.0	79.56
uvig_409809	CheckV-003027	1	3.12	295	3.83	26.9	79.36
uvig_409809	CheckV-000475	1	3.12	295	3.83	26.9	79.36
uvig_409809	CheckV-000480	1	3.12	295	3.83	26.9	79.36
uvig_409809	CheckV-001059	1	3.12	295	3.83	26.8	79.06
uvig_409809	CheckV-040118	1	3.12	295	3.83	26.8	79.06
uvig_409809	CheckV-004493	1	3.12	295	3.83	26.8	79.06
uvig_409809	CheckV-044509	1	3.12	295	3.83	26.8	79.06
uvig_409809	CheckV-044567	1	3.12	295	3.83	26.8	79.06
uvig_409809	CheckV-028573	1	3.12	295	3.83	26.7	78.77
uvig_409809	CheckV-024016	1	3.12	295	3.83	26.7	78.77
uvig_409809	CheckV-037346	1	3.12	295	3.83	26.7	78.77
uvig_409809	CheckV-010639	1	3.12	295	3.83	26.7	78.77
uvig_409809	CheckV-006686	1	3.12	234	3.03	33.6	78.62
uvig_409809	CheckV-030951	1	3.12	295	3.83	26.6	78.47
uvig_409809	CheckV-059604	1	3.12	234	3.03	33.5	78.39
uvig_409809	CheckV-032951	1	3.12	295	3.83	26.5	78.17
uvig_409809	CheckV-029380	1	3.12	295	3.83	26.5	78.17
uvig_409809	CheckV-029808	1	3.12	295	3.83	26.5	78.17
uvig_409809	CheckV-012434	1	3.12	295	3.83	26.4	77.88
uvig_409809	CheckV-057369	1	3.12	295	3.83	26.4	77.88
uvig_409809	CheckV-024085	1	3.12	295	3.83	26.3	77.58
uvig_409809	CheckV-005736	1	3.12	295	3.83	26.2	77.29
uvig_409809	CheckV-054678	1	3.12	234	3.03	33.0	77.22
uvig_409809	CheckV-050021	1	3.12	295	3.83	26.1	77.0
uvig_409809	CheckV-029033	1	3.12	295	3.83	26.1	77.0
uvig_409809	CheckV-038112	1	3.12	295	3.83	26.0	76.7
uvig_409809	CheckV-056866	1	3.12	295	3.83	25.9	76.41
uvig_409809	CheckV-056875	1	3.12	295	3.83	25.9	76.41
uvig_409809	CheckV-056876	1	3.12	295	3.83	25.9	76.41
uvig_409809	CheckV-004091	1	3.12	234	3.03	32.6	76.28
uvig_409809	CheckV-031363	1	3.12	295	3.83	25.8	76.11
uvig_409809	CheckV-030070	1	3.12	295	3.83	25.7	75.81
uvig_409809	CheckV-006400	1	3.12	234	3.03	32.3	75.58
uvig_409809	CheckV-033276	1	3.12	234	3.03	32.3	75.58
uvig_409809	CheckV-017957	1	3.12	295	3.83	25.6	75.52
uvig_409809	CheckV-029016	1	3.12	295	3.83	25.6	75.52
uvig_409809	CheckV-005033	1	3.12	295	3.83	25.6	75.52
uvig_409809	CheckV-004682	1	3.12	295	3.83	25.6	75.52
uvig_409809	CheckV-038120	1	3.12	198	2.57	38.1	75.44
uvig_409809	CheckV-022826	1	3.12	198	2.57	38.0	75.24
uvig_409809	CheckV-029538	1	3.12	198	2.57	38.0	75.24
uvig_409809	CheckV-016250	1	3.12	295	3.83	25.5	75.22
uvig_409809	CheckV-032570	1	3.12	295	3.83	25.4	74.93
uvig_409809	CheckV-010758	1	3.12	295	3.83	25.2	74.34
uvig_409809	CheckV-019011	1	3.12	295	3.83	25.2	74.34
uvig_409809	CheckV-013868	1	3.12	295	3.83	25.2	74.34
uvig_409809	CheckV-025459	1	3.12	198	2.57	37.4	74.05
uvig_409809	CheckV-004832	1	3.12	295	3.83	25.1	74.05
uvig_409809	CheckV-061504	1	3.12	295	3.83	25.1	74.05
uvig_409809	CheckV-029962	1	3.12	295	3.83	25.1	74.05
uvig_409809	CheckV-003424	1	3.12	136	1.76	54.4	73.98
uvig_409809	CheckV-035554	1	3.12	136	1.76	54.3	73.85
uvig_409809	CheckV-014847	1	3.12	295	3.83	25.0	73.75
uvig_409809	CheckV-013669	1	3.12	295	3.83	25.0	73.75
uvig_409809	CheckV-004539	1	3.12	295	3.83	24.9	73.45
uvig_409809	CheckV-040843	1	3.12	295	3.83	24.9	73.45
uvig_409809	CheckV-012177	1	3.12	295	3.83	24.9	73.45
uvig_409809	CheckV-005711	1	3.12	295	3.83	24.8	73.16
uvig_409809	CheckV-016907	1	3.12	295	3.83	24.8	73.16
uvig_409809	CheckV-000019	1	3.12	234	3.03	31.2	73.01
uvig_409809	CheckV-000529	1	3.12	201	2.61	36.3	72.96
uvig_409809	CheckV-000797	1	3.12	201	2.61	36.3	72.96
uvig_409809	CheckV-000312	1	3.12	295	3.83	24.7	72.86
uvig_409809	CheckV-019668	1	3.12	295	3.83	24.7	72.86
uvig_409809	CheckV-057219	1	3.12	295	3.83	24.7	72.86
uvig_409809	CheckV-012557	1	3.12	295	3.83	24.7	72.86
uvig_409809	CheckV-057970	1	3.12	295	3.83	24.7	72.86
uvig_409809	CheckV-057824	1	3.12	295	3.83	24.7	72.86
uvig_409809	CheckV-008326	1	3.12	295	3.83	24.7	72.86
uvig_409809	CheckV-041825	1	3.12	295	3.83	24.6	72.57
uvig_409809	CheckV-053401	1	3.12	295	3.83	24.6	72.57
uvig_409809	CheckV-007091	1	3.12	295	3.83	24.6	72.57
uvig_409809	CheckV-014178	1	3.12	136	1.76	53.3	72.49
uvig_409809	CheckV-020712	1	3.12	136	1.76	53.3	72.49
uvig_409809	CheckV-053195	1	3.12	234	3.03	30.9	72.31
uvig_409809	CheckV-021200	1	3.12	295	3.83	24.5	72.28
uvig_409809	CheckV-041531	1	3.12	295	3.83	24.5	72.28
uvig_409809	CheckV-050298	1	3.12	201	2.61	35.9	72.16
uvig_409809	CheckV-006463	1	3.12	234	3.03	30.8	72.07
uvig_409809	CheckV-060488	1	3.12	198	2.57	36.4	72.07
uvig_409809	CheckV-040037	1	3.12	295	3.83	24.4	71.98
uvig_409809	CheckV-040262	1	3.12	295	3.83	24.4	71.98
uvig_409809	CheckV-007122	1	3.12	295	3.83	24.3	71.69
uvig_409809	CheckV-008758	1	3.12	295	3.83	24.2	71.39
uvig_409809	CheckV-040089	1	3.12	295	3.83	24.2	71.39
uvig_409809	CheckV-057620	1	3.12	295	3.83	24.2	71.39
uvig_409809	CheckV-021133	1	3.12	295	3.83	24.2	71.39
uvig_409809	CheckV-039241	1	3.12	108	1.4	65.9	71.17
uvig_409809	CheckV-053194	1	3.12	234	3.03	30.4	71.14
uvig_409809	CheckV-054521	1	3.12	234	3.03	30.4	71.14
uvig_409809	CheckV-004772	1	3.12	295	3.83	24.1	71.09
uvig_409809	CheckV-016397	1	3.12	295	3.83	24.1	71.09
uvig_409809	CheckV-002786	1	3.12	295	3.83	24.1	71.09
uvig_409809	CheckV-012826	1	3.12	295	3.83	24.0	70.8
uvig_409809	CheckV-028546	1	3.12	295	3.83	24.0	70.8
uvig_409809	CheckV-041744	1	3.12	295	3.83	23.9	70.5
uvig_409809	CheckV-058020	1	3.12	295	3.83	23.9	70.5
uvig_409809	CheckV-042046	1	3.12	295	3.83	23.9	70.5
uvig_409809	CheckV-004102	1	3.12	108	1.4	65.1	70.31
uvig_409809	CheckV-021297	1	3.12	198	2.57	35.5	70.29
uvig_409809	CheckV-061396	1	3.12	295	3.83	23.8	70.21
uvig_409809	CheckV-010059	1	3.12	108	1.4	65.0	70.2
uvig_409809	CheckV-041260	1	3.12	295	3.83	23.7	69.92
uvig_409809	CheckV-039810	1	3.12	295	3.83	23.7	69.92
uvig_409809	CheckV-015059	1	3.12	295	3.83	23.7	69.92
uvig_409809	CheckV-021957	1	3.12	136	1.76	51.3	69.77
uvig_409809	CheckV-032192	1	3.12	273	3.54	25.5	69.61
uvig_409809	CheckV-035466	1	3.12	198	2.57	35.1	69.5
uvig_409809	CheckV-061235	1	3.12	201	2.61	34.5	69.34
uvig_409809	CheckV-041335	1	3.12	295	3.83	23.5	69.33
uvig_409809	CheckV-016038	1	3.12	295	3.83	23.5	69.33
uvig_409809	CheckV-013619	1	3.12	198	2.57	35.0	69.3
uvig_409809	CheckV-040123	1	3.12	295	3.83	23.4	69.03
uvig_409809	CheckV-018531	1	3.12	295	3.83	23.4	69.03
uvig_409809	CheckV-029699	1	3.12	295	3.83	23.4	69.03
uvig_409809	CheckV-024397	1	3.12	108	1.4	63.8	68.9
uvig_409809	CheckV-038435	1	3.12	108	1.4	63.8	68.9
uvig_409809	CheckV-025971	1	3.12	108	1.4	63.8	68.9
uvig_409809	CheckV-057374	1	3.12	295	3.83	23.3	68.73
uvig_409809	CheckV-001340	1	3.12	295	3.83	23.2	68.44
uvig_409809	CheckV-042465	1	3.12	201	2.61	34.0	68.34
uvig_409809	CheckV-058164	1	3.12	295	3.83	23.1	68.14
uvig_409809	CheckV-049829	1	3.12	198	2.57	34.4	68.11
uvig_409809	CheckV-036297	1	3.12	108	1.4	62.9	67.93
uvig_409809	CheckV-028455	1	3.12	108	1.4	62.9	67.93
uvig_409809	CheckV-037093	1	3.12	108	1.4	62.9	67.93
uvig_409809	CheckV-040055	1	3.12	295	3.83	22.9	67.56
uvig_409809	CheckV-040370	1	3.12	295	3.83	22.9	67.56
uvig_409809	CheckV-056411	1	3.12	295	3.83	22.9	67.56
uvig_409809	CheckV-037099	1	3.12	136	1.76	49.5	67.32
uvig_409809	CheckV-026157	1	3.12	190	2.46	35.4	67.26
uvig_409809	CheckV-035066	1	3.12	190	2.46	35.4	67.26
uvig_409809	CheckV-059124	1	3.12	295	3.83	22.7	66.97
uvig_409809	CheckV-059091	1	3.12	295	3.83	22.7	66.97
uvig_409809	CheckV-041318	1	3.12	295	3.83	22.7	66.97
uvig_409809	CheckV-057273	1	3.12	295	3.83	22.7	66.97
uvig_409809	CheckV-057954	1	3.12	295	3.83	22.6	66.67
uvig_409809	CheckV-016530	1	3.12	295	3.83	22.6	66.67
uvig_409809	CheckV-056974	1	3.12	295	3.83	22.6	66.67
uvig_409809	CheckV-057260	1	3.12	295	3.83	22.6	66.67
uvig_409809	CheckV-051882	1	3.12	198	2.57	33.6	66.53
uvig_409809	CheckV-057926	1	3.12	295	3.83	22.5	66.38
uvig_409809	CheckV-024395	1	3.12	136	1.76	48.6	66.1
uvig_409809	CheckV-025465	1	3.12	136	1.76	48.6	66.1
uvig_409809	CheckV-029163	1	3.12	136	1.76	48.6	66.1
uvig_409809	CheckV-038042	1	3.12	136	1.76	48.6	66.1
uvig_409809	CheckV-038569	1	3.12	136	1.76	48.6	66.1
uvig_409809	CheckV-037962	1	3.12	136	1.76	48.6	66.1
uvig_409809	CheckV-022224	1	3.12	136	1.76	48.6	66.1
uvig_409809	CheckV-060348	1	3.12	295	3.83	22.4	66.08
uvig_409809	CheckV-043159	1	3.12	198	2.57	33.3	65.93
uvig_409809	CheckV-014593	1	3.12	295	3.83	22.3	65.78
uvig_409809	CheckV-036301	1	3.12	295	3.83	22.3	65.78
uvig_409809	CheckV-056412	1	3.12	295	3.83	22.3	65.78
uvig_409809	CheckV-041334	1	3.12	295	3.83	22.3	65.78
uvig_409809	CheckV-025407	1	3.12	190	2.46	34.6	65.74
uvig_409809	CheckV-046719	1	3.12	201	2.61	32.6	65.53
uvig_409809	CheckV-029932	1	3.12	295	3.83	22.2	65.49
uvig_409809	CheckV-057296	1	3.12	295	3.83	22.2	65.49
uvig_409809	CheckV-027034	1	3.12	136	1.76	48.1	65.42
uvig_409809	CheckV-024298	1	3.12	104	1.35	62.8	65.31
uvig_409809	CheckV-027915	1	3.12	104	1.35	62.7	65.21
uvig_409809	CheckV-037141	1	3.12	104	1.35	62.7	65.21
uvig_409809	CheckV-011315	1	3.12	104	1.35	62.7	65.21
uvig_409809	CheckV-022582	1	3.12	104	1.35	62.7	65.21
uvig_409809	CheckV-014606	1	3.12	295	3.83	22.1	65.19
uvig_409809	CheckV-057015	1	3.12	295	3.83	22.1	65.19
uvig_409809	CheckV-057016	1	3.12	295	3.83	22.1	65.19
uvig_409809	CheckV-057274	1	3.12	295	3.83	22.1	65.19
uvig_409809	CheckV-057130	1	3.12	295	3.83	22.1	65.19
uvig_409809	CheckV-036928	1	3.12	136	1.76	47.7	64.87
uvig_409809	CheckV-022658	1	3.12	136	1.76	47.6	64.74
uvig_409809	CheckV-010479	1	3.12	295	3.83	21.9	64.61
uvig_409809	CheckV-040158	1	3.12	295	3.83	21.9	64.61
uvig_409809	CheckV-016381	1	3.12	295	3.83	21.9	64.61
uvig_409809	CheckV-057437	1	3.12	295	3.83	21.9	64.61
uvig_409809	CheckV-015946	1	3.12	295	3.83	21.9	64.61
uvig_409809	CheckV-058042	1	3.12	295	3.83	21.9	64.61
uvig_409809	CheckV-057528	1	3.12	295	3.83	21.9	64.61
uvig_409809	CheckV-001210	1	3.12	201	2.61	32.0	64.32
uvig_409809	CheckV-016338	1	3.12	295	3.83	21.8	64.31
uvig_409809	CheckV-037322	1	3.12	104	1.35	61.8	64.27
uvig_409809	CheckV-022935	1	3.12	104	1.35	61.8	64.27
uvig_409809	CheckV-022604	1	3.12	136	1.76	47.1	64.06
uvig_409809	CheckV-022229	1	3.12	136	1.76	47.1	64.06
uvig_409809	CheckV-037135	1	3.12	136	1.76	47.1	64.06
uvig_409809	CheckV-057049	1	3.12	295	3.83	21.7	64.02
uvig_409809	CheckV-029561	1	3.12	190	2.46	33.5	63.65
uvig_409809	CheckV-023606	1	3.12	198	2.57	32.1	63.56
uvig_409809	CheckV-006238	1	3.12	198	2.57	32.1	63.56
uvig_409809	CheckV-006390	1	3.12	198	2.57	32.1	63.56
uvig_409809	CheckV-014188	1	3.12	136	1.76	46.7	63.51
uvig_409809	CheckV-040197	1	3.12	295	3.83	21.5	63.42
uvig_409809	CheckV-040527	1	3.12	295	3.83	21.5	63.42
uvig_409809	CheckV-003184	1	3.12	295	3.83	21.2	62.54
uvig_409809	CheckV-021605	1	3.12	190	2.46	32.9	62.51
uvig_409809	CheckV-014830	1	3.12	136	1.76	45.8	62.29
uvig_409809	CheckV-025506	1	3.12	104	1.35	59.8	62.19
uvig_409809	CheckV-022723	1	3.12	136	1.76	45.6	62.02
uvig_409809	CheckV-037247	1	3.12	124	1.61	50.0	62.0
uvig_409809	CheckV-034070	1	3.12	198	2.57	31.3	61.97
uvig_409809	CheckV-000313	1	3.12	136	1.76	45.5	61.88
uvig_409809	CheckV-033304	1	3.12	104	1.35	59.4	61.78
uvig_409809	CheckV-011062	1	3.12	104	1.35	59.4	61.78
uvig_409809	CheckV-017500	1	3.12	295	3.83	20.9	61.66
uvig_409809	CheckV-003400	1	3.12	295	3.83	20.9	61.66
uvig_409809	CheckV-040620	1	3.12	295	3.83	20.9	61.66
uvig_409809	CheckV-041231	1	3.12	295	3.83	20.9	61.66
uvig_409809	CheckV-022321	1	3.12	136	1.76	45.2	61.47
uvig_409809	CheckV-038696	1	3.12	190	2.46	32.3	61.37
uvig_409809	CheckV-023613	1	3.12	198	2.57	30.7	60.79
uvig_409809	CheckV-024946	1	3.12	136	1.76	44.7	60.79
uvig_409809	CheckV-036734	1	3.12	136	1.76	44.7	60.79
uvig_409809	CheckV-049819	1	3.12	104	1.35	58.4	60.74
uvig_409809	CheckV-022043	1	3.12	104	1.35	58.2	60.53
uvig_409809	CheckV-032152	1	3.12	104	1.35	58.2	60.53
uvig_409809	CheckV-038007	1	3.12	104	1.35	58.2	60.53
uvig_409809	CheckV-057041	1	3.12	295	3.83	20.5	60.48
uvig_409809	CheckV-016203	1	3.12	295	3.83	20.5	60.48
uvig_409809	CheckV-044663	1	3.12	198	2.57	30.3	59.99
uvig_409809	CheckV-058159	1	3.12	295	3.83	20.3	59.88
uvig_409809	CheckV-024557	1	3.12	136	1.76	43.9	59.7
uvig_409809	CheckV-027059	1	3.12	136	1.76	43.9	59.7
uvig_409809	CheckV-025960	1	3.12	136	1.76	43.9	59.7
uvig_409809	CheckV-035947	1	3.12	136	1.76	43.9	59.7
uvig_409809	CheckV-023405	1	3.12	136	1.76	43.9	59.7
uvig_409809	CheckV-027264	1	3.12	136	1.76	43.9	59.7
uvig_409809	CheckV-037570	1	3.12	136	1.76	43.9	59.7
uvig_409809	CheckV-035009	1	3.12	104	1.35	57.4	59.7
uvig_409809	CheckV-028244	1	3.12	104	1.35	57.1	59.38
uvig_409809	CheckV-015651	1	3.12	295	3.83	20.1	59.3
uvig_409809	CheckV-018355	1	3.12	104	1.35	57.0	59.28
uvig_409809	CheckV-014154	1	3.12	104	1.35	56.6	58.86
uvig_409809	CheckV-025756	1	3.12	136	1.76	43.2	58.75
uvig_409809	CheckV-010642	1	3.12	136	1.76	43.1	58.62
uvig_409809	CheckV-037251	1	3.12	104	1.35	56.3	58.55
uvig_409809	CheckV-028330	1	3.12	104	1.35	56.1	58.34
uvig_409809	CheckV-027364	1	3.12	104	1.35	55.9	58.14
uvig_409809	CheckV-037830	1	3.12	198	2.57	29.3	58.01
uvig_409809	CheckV-039552	1	3.12	198	2.57	29.3	58.01
uvig_409809	CheckV-027707	1	3.12	198	2.57	29.2	57.82
uvig_409809	CheckV-049817	1	3.12	104	1.35	55.4	57.62
uvig_409809	CheckV-024885	1	3.12	136	1.76	42.3	57.53
uvig_409809	CheckV-036472	1	3.12	136	1.76	41.7	56.71
uvig_409809	CheckV-026786	1	3.12	104	1.35	54.5	56.68
uvig_409809	CheckV-035140	1	3.12	136	1.76	41.5	56.44
uvig_409809	CheckV-012328	1	3.12	104	1.35	53.9	56.06
uvig_409809	CheckV-022288	1	3.12	104	1.35	53.5	55.64
uvig_409809	CheckV-036298	1	3.12	104	1.35	53.3	55.43
uvig_409809	CheckV-022540	1	3.12	68	0.88	81.4	55.35
uvig_409809	CheckV-023049	1	3.12	68	0.88	81.4	55.35
uvig_409809	CheckV-020300	1	3.12	104	1.35	52.9	55.02
uvig_409809	CheckV-027979	1	3.12	108	1.4	50.9	54.97
uvig_409809	CheckV-037968	1	3.12	136	1.76	40.0	54.4
uvig_409809	CheckV-024216	1	3.12	104	1.35	52.0	54.08
uvig_409809	CheckV-038999	1	3.12	68	0.88	79.1	53.79
uvig_409809	CheckV-027553	1	3.12	104	1.35	51.5	53.56
uvig_409809	CheckV-029655	1	3.12	104	1.35	51.5	53.56
uvig_409809	CheckV-025497	1	3.12	104	1.35	51.5	53.56
uvig_409809	CheckV-028621	1	3.12	104	1.35	51.0	53.04
uvig_409809	CheckV-036817	1	3.12	104	1.35	51.0	53.04
uvig_409809	CheckV-022677	1	3.12	136	1.76	38.9	52.9
uvig_409809	CheckV-024180	1	3.12	136	1.76	38.7	52.63
uvig_409809	CheckV-032889	1	3.12	136	1.76	38.7	52.63
uvig_409809	CheckV-035993	1	3.12	136	1.76	38.7	52.63
uvig_409809	CheckV-010064	1	3.12	68	0.88	76.7	52.16
uvig_409809	CheckV-014227	1	3.12	104	1.35	50.0	52.0
uvig_409809	CheckV-031008	1	3.12	104	1.35	50.0	52.0
uvig_409809	CheckV-031714	1	3.12	108	1.4	47.6	51.41
uvig_409809	CheckV-031386	1	3.12	104	1.35	49.4	51.38
uvig_409809	CheckV-023209	1	3.12	68	0.88	75.5	51.34
uvig_409809	CheckV-021327	1	3.12	104	1.35	48.9	50.86
uvig_409809	CheckV-037588	1	3.12	68	0.88	74.4	50.59
uvig_409809	CheckV-037218	1	3.12	104	1.35	48.5	50.44
uvig_409809	CheckV-022031	1	3.12	104	1.35	48.4	50.34
uvig_409809	CheckV-031471	1	3.12	68	0.88	73.5	49.98
uvig_409809	CheckV-038814	1	3.12	68	0.88	73.5	49.98
uvig_409809	CheckV-027073	1	3.12	68	0.88	73.5	49.98
uvig_409809	CheckV-035485	1	3.12	68	0.88	73.5	49.98
uvig_409809	CheckV-035121	1	3.12	68	0.88	72.1	49.03
uvig_409809	CheckV-024921	1	3.12	68	0.88	72.1	49.03
uvig_409809	CheckV-025771	1	3.12	68	0.88	71.4	48.55
uvig_409809	CheckV-005986	1	3.12	136	1.76	35.6	48.42
uvig_409809	CheckV-021392	1	3.12	136	1.76	35.5	48.28
uvig_409809	CheckV-013623	1	3.12	136	1.76	35.4	48.14
uvig_409809	CheckV-038355	1	3.12	136	1.76	35.3	48.01
uvig_409809	CheckV-025333	1	3.12	104	1.35	46.1	47.94
uvig_409809	CheckV-035248	1	3.12	104	1.35	46.1	47.94
uvig_409809	CheckV-025033	1	3.12	108	1.4	44.0	47.52
uvig_409809	CheckV-034726	1	3.12	108	1.4	44.0	47.52
uvig_409809	CheckV-013790	1	3.12	68	0.88	69.1	46.99
uvig_409809	CheckV-024152	1	3.12	108	1.4	43.0	46.44
uvig_409809	CheckV-035851	1	3.12	108	1.4	43.0	46.44
uvig_409809	CheckV-037729	1	3.12	108	1.4	43.0	46.44
uvig_409809	CheckV-006388	1	3.12	108	1.4	43.0	46.44
uvig_409809	CheckV-022074	1	3.12	108	1.4	43.0	46.44
uvig_409809	CheckV-022816	1	3.12	108	1.4	43.0	46.44
uvig_409809	CheckV-022994	1	3.12	108	1.4	43.0	46.44
uvig_409809	CheckV-035664	1	3.12	108	1.4	43.0	46.44
uvig_409809	CheckV-036534	1	3.12	108	1.4	43.0	46.44
uvig_409809	CheckV-025377	1	3.12	68	0.88	67.5	45.9
uvig_409809	CheckV-036216	1	3.12	108	1.4	42.4	45.79
uvig_409809	CheckV-026379	1	3.12	108	1.4	42.4	45.79
uvig_409809	CheckV-022107	1	3.12	68	0.88	67.3	45.76
uvig_409809	CheckV-020908	1	3.12	104	1.35	43.9	45.66
uvig_409809	CheckV-026261	1	3.12	68	0.88	66.7	45.36
uvig_409809	CheckV-014060	1	3.12	68	0.88	66.7	45.36
uvig_409809	CheckV-027028	1	3.12	108	1.4	42.0	45.36
uvig_409809	CheckV-039286	1	3.12	108	1.4	42.0	45.36
uvig_409809	CheckV-022018	1	3.12	108	1.4	42.0	45.36
uvig_409809	CheckV-026371	1	3.12	108	1.4	42.0	45.36
uvig_409809	CheckV-026506	1	3.12	108	1.4	42.0	45.36
uvig_409809	CheckV-029660	1	3.12	108	1.4	42.0	45.36
uvig_409809	CheckV-035052	1	3.12	108	1.4	42.0	45.36
uvig_409809	CheckV-035825	1	3.12	108	1.4	42.0	45.36
uvig_409809	CheckV-035950	1	3.12	108	1.4	42.0	45.36
uvig_409809	CheckV-021996	1	3.12	108	1.4	42.0	45.36
uvig_409809	CheckV-039453	1	3.12	108	1.4	42.0	45.36
uvig_409809	CheckV-024287	1	3.12	108	1.4	42.0	45.36
uvig_409809	CheckV-037028	1	3.12	108	1.4	42.0	45.36
uvig_409809	CheckV-037056	1	3.12	108	1.4	42.0	45.36
uvig_409809	CheckV-025135	1	3.12	108	1.4	42.0	45.36
uvig_409809	CheckV-023013	1	3.12	136	1.76	33.3	45.29
uvig_409809	CheckV-037743	1	3.12	108	1.4	41.8	45.14
uvig_409809	CheckV-022211	1	3.12	108	1.4	41.8	45.14
uvig_409809	CheckV-027750	1	3.12	108	1.4	41.8	45.14
uvig_409809	CheckV-027833	1	3.12	108	1.4	41.8	45.14
uvig_409809	CheckV-037848	1	3.12	108	1.4	41.8	45.14
uvig_409809	CheckV-038290	1	3.12	108	1.4	41.8	45.14
uvig_409809	CheckV-024054	1	3.12	108	1.4	41.8	45.14
uvig_409809	CheckV-025746	1	3.12	108	1.4	41.8	45.14
uvig_409809	CheckV-022028	1	3.12	108	1.4	41.8	45.14
uvig_409809	CheckV-031746	1	3.12	108	1.4	41.8	45.14
uvig_409809	CheckV-032120	1	3.12	68	0.88	66.0	44.88
uvig_409809	CheckV-022474	1	3.12	104	1.35	43.1	44.82
uvig_409809	CheckV-027523	1	3.12	108	1.4	41.4	44.71
uvig_409809	CheckV-029231	1	3.12	108	1.4	41.4	44.71
uvig_409809	CheckV-029556	1	3.12	108	1.4	41.4	44.71
uvig_409809	CheckV-029639	1	3.12	108	1.4	41.4	44.71
uvig_409809	CheckV-031368	1	3.12	108	1.4	41.4	44.71
uvig_409809	CheckV-032205	1	3.12	108	1.4	41.4	44.71
uvig_409809	CheckV-027825	1	3.12	108	1.4	41.4	44.71
uvig_409809	CheckV-014825	1	3.12	68	0.88	65.6	44.61
uvig_409809	CheckV-000393	1	3.12	68	0.88	65.3	44.4
uvig_409809	CheckV-022841	1	3.12	136	1.76	32.6	44.34
uvig_409809	CheckV-022642	1	3.12	108	1.4	41.0	44.28
uvig_409809	CheckV-036258	1	3.12	108	1.4	40.8	44.06
uvig_409809	CheckV-026331	1	3.12	108	1.4	40.8	44.06
uvig_409809	CheckV-026550	1	3.12	108	1.4	40.8	44.06
uvig_409809	CheckV-035198	1	3.12	108	1.4	40.8	44.06
uvig_409809	CheckV-024671	1	3.12	108	1.4	40.8	44.06
uvig_409809	CheckV-039390	1	3.12	108	1.4	40.8	44.06
uvig_409809	CheckV-035792	1	3.12	68	0.88	64.4	43.79
uvig_409809	CheckV-024871	1	3.12	108	1.4	40.4	43.63
uvig_409809	CheckV-026863	1	3.12	104	1.35	41.7	43.37
uvig_409809	CheckV-034974	1	3.12	104	1.35	41.7	43.37
uvig_409809	CheckV-035546	1	3.12	104	1.35	41.7	43.37
uvig_409809	CheckV-025143	1	3.12	104	1.35	41.7	43.37
uvig_409809	CheckV-025732	1	3.12	104	1.35	41.7	43.37
uvig_409809	CheckV-025787	1	3.12	104	1.35	41.7	43.37
uvig_409809	CheckV-026643	1	3.12	104	1.35	41.7	43.37
uvig_409809	CheckV-026976	1	3.12	104	1.35	41.7	43.37
uvig_409809	CheckV-027035	1	3.12	104	1.35	41.7	43.37
uvig_409809	CheckV-027251	1	3.12	104	1.35	41.7	43.37
uvig_409809	CheckV-038247	1	3.12	104	1.35	41.7	43.37
uvig_409809	CheckV-027045	1	3.12	68	0.88	63.3	43.04
uvig_409809	CheckV-025813	1	3.12	108	1.4	39.8	42.98
uvig_409809	CheckV-036594	1	3.12	108	1.4	39.8	42.98
uvig_409809	CheckV-036048	1	3.12	108	1.4	39.8	42.98
uvig_409809	CheckV-023982	1	3.12	108	1.4	39.8	42.98
uvig_409809	CheckV-024303	1	3.12	108	1.4	39.8	42.98
uvig_409809	CheckV-024554	1	3.12	108	1.4	39.8	42.98
uvig_409809	CheckV-026470	1	3.12	108	1.4	39.8	42.98
uvig_409809	CheckV-028376	1	3.12	108	1.4	39.8	42.98
uvig_409809	CheckV-037664	1	3.12	108	1.4	39.8	42.98
uvig_409809	CheckV-006970	1	3.12	108	1.4	39.8	42.98
uvig_409809	CheckV-023974	1	3.12	108	1.4	39.8	42.98
uvig_409809	CheckV-026502	1	3.12	108	1.4	39.8	42.98
uvig_409809	CheckV-031671	1	3.12	108	1.4	39.8	42.98
uvig_409809	CheckV-022217	1	3.12	108	1.4	39.8	42.98
uvig_409809	CheckV-024515	1	3.12	68	0.88	62.7	42.64
uvig_409809	CheckV-027741	1	3.12	108	1.4	39.4	42.55
uvig_409809	CheckV-026283	1	3.12	108	1.4	39.4	42.55
uvig_409809	CheckV-036086	1	3.12	108	1.4	39.4	42.55
uvig_409809	CheckV-025510	1	3.12	108	1.4	38.8	41.9
uvig_409809	CheckV-025669	1	3.12	108	1.4	38.8	41.9
uvig_409809	CheckV-026493	1	3.12	108	1.4	38.8	41.9
uvig_409809	CheckV-029220	1	3.12	108	1.4	38.8	41.9
uvig_409809	CheckV-039030	1	3.12	108	1.4	38.8	41.9
uvig_409809	CheckV-014252	1	3.12	136	1.76	30.8	41.89
uvig_409809	CheckV-026657	1	3.12	68	0.88	61.2	41.62
uvig_409809	CheckV-022620	1	3.12	68	0.88	61.0	41.48
uvig_409809	CheckV-023940	1	3.12	108	1.4	38.4	41.47
uvig_409809	CheckV-023945	1	3.12	108	1.4	38.4	41.47
uvig_409809	CheckV-024855	1	3.12	108	1.4	38.4	41.47
uvig_409809	CheckV-024924	1	3.12	108	1.4	38.4	41.47
uvig_409809	CheckV-026067	1	3.12	108	1.4	38.4	41.47
uvig_409809	CheckV-031602	1	3.12	108	1.4	38.4	41.47
uvig_409809	CheckV-036112	1	3.12	108	1.4	38.4	41.47
uvig_409809	CheckV-037971	1	3.12	108	1.4	38.4	41.47
uvig_409809	CheckV-031821	1	3.12	108	1.4	38.4	41.47
uvig_409809	CheckV-025983	1	3.12	108	1.4	38.4	41.47
uvig_409809	CheckV-026851	1	3.12	108	1.4	38.4	41.47
uvig_409809	CheckV-027239	1	3.12	108	1.4	38.4	41.47
uvig_409809	CheckV-027731	1	3.12	108	1.4	38.4	41.47
uvig_409809	CheckV-029535	1	3.12	108	1.4	38.4	41.47
uvig_409809	CheckV-023148	1	3.12	108	1.4	38.4	41.47
uvig_409809	CheckV-023916	1	3.12	108	1.4	38.4	41.47
uvig_409809	CheckV-023992	1	3.12	108	1.4	38.4	41.47
uvig_409809	CheckV-024001	1	3.12	108	1.4	38.4	41.47
uvig_409809	CheckV-024037	1	3.12	108	1.4	38.4	41.47
uvig_409809	CheckV-025070	1	3.12	108	1.4	38.4	41.47
uvig_409809	CheckV-025611	1	3.12	108	1.4	38.4	41.47
uvig_409809	CheckV-026019	1	3.12	108	1.4	38.4	41.47
uvig_409809	CheckV-026093	1	3.12	108	1.4	38.4	41.47
uvig_409809	CheckV-027304	1	3.12	108	1.4	38.4	41.47
uvig_409809	CheckV-027844	1	3.12	108	1.4	38.4	41.47
uvig_409809	CheckV-027910	1	3.12	108	1.4	38.4	41.47
uvig_409809	CheckV-031272	1	3.12	108	1.4	38.4	41.47
uvig_409809	CheckV-034992	1	3.12	108	1.4	38.4	41.47
uvig_409809	CheckV-035241	1	3.12	108	1.4	38.4	41.47
uvig_409809	CheckV-035369	1	3.12	108	1.4	38.4	41.47
uvig_409809	CheckV-037016	1	3.12	108	1.4	38.4	41.47
uvig_409809	CheckV-024925	1	3.12	108	1.4	38.4	41.47
uvig_409809	CheckV-025694	1	3.12	108	1.4	38.4	41.47
uvig_409809	CheckV-034826	1	3.12	68	0.88	60.7	41.28
uvig_409809	CheckV-024061	1	3.12	104	1.35	39.6	41.18
uvig_409809	CheckV-026160	1	3.12	108	1.4	37.8	40.82
uvig_409809	CheckV-034915	1	3.12	108	1.4	37.8	40.82
uvig_409809	CheckV-035256	1	3.12	108	1.4	37.8	40.82
uvig_409809	CheckV-035685	1	3.12	108	1.4	37.8	40.82
uvig_409809	CheckV-035160	1	3.12	108	1.4	37.8	40.82
uvig_409809	CheckV-027067	1	3.12	108	1.4	37.8	40.82
uvig_409809	CheckV-028587	1	3.12	108	1.4	37.8	40.82
uvig_409809	CheckV-038720	1	3.12	108	1.4	37.8	40.82
uvig_409809	CheckV-025615	1	3.12	108	1.4	37.8	40.82
uvig_409809	CheckV-021287	1	3.12	136	1.76	30.0	40.8
uvig_409809	CheckV-014046	1	3.12	104	1.35	39.0	40.56
uvig_409809	CheckV-035310	1	3.12	104	1.35	39.0	40.56
uvig_409809	CheckV-025836	1	3.12	108	1.4	37.4	40.39
uvig_409809	CheckV-034137	1	3.12	108	1.4	37.4	40.39
uvig_409809	CheckV-024263	1	3.12	108	1.4	37.4	40.39
uvig_409809	CheckV-024535	1	3.12	108	1.4	37.4	40.39
uvig_409809	CheckV-024541	1	3.12	108	1.4	37.4	40.39
uvig_409809	CheckV-025614	1	3.12	108	1.4	37.4	40.39
uvig_409809	CheckV-025668	1	3.12	108	1.4	37.4	40.39
uvig_409809	CheckV-025797	1	3.12	108	1.4	37.4	40.39
uvig_409809	CheckV-025981	1	3.12	108	1.4	37.4	40.39
uvig_409809	CheckV-026108	1	3.12	108	1.4	37.4	40.39
uvig_409809	CheckV-026568	1	3.12	108	1.4	37.4	40.39
uvig_409809	CheckV-026858	1	3.12	108	1.4	37.4	40.39
uvig_409809	CheckV-027030	1	3.12	108	1.4	37.4	40.39
uvig_409809	CheckV-027590	1	3.12	108	1.4	37.4	40.39
uvig_409809	CheckV-028423	1	3.12	108	1.4	37.4	40.39
uvig_409809	CheckV-033310	1	3.12	108	1.4	37.4	40.39
uvig_409809	CheckV-034442	1	3.12	108	1.4	37.4	40.39
uvig_409809	CheckV-034961	1	3.12	108	1.4	37.4	40.39
uvig_409809	CheckV-035447	1	3.12	108	1.4	37.4	40.39
uvig_409809	CheckV-036736	1	3.12	108	1.4	37.4	40.39
uvig_409809	CheckV-036803	1	3.12	108	1.4	37.4	40.39
uvig_409809	CheckV-036874	1	3.12	108	1.4	37.4	40.39
uvig_409809	CheckV-037133	1	3.12	108	1.4	37.4	40.39
uvig_409809	CheckV-037709	1	3.12	108	1.4	37.4	40.39
uvig_409809	CheckV-037723	1	3.12	108	1.4	37.4	40.39
uvig_409809	CheckV-037726	1	3.12	108	1.4	37.4	40.39
uvig_409809	CheckV-038408	1	3.12	108	1.4	37.4	40.39
uvig_409809	CheckV-038818	1	3.12	108	1.4	37.4	40.39
uvig_409809	CheckV-026300	1	3.12	108	1.4	37.4	40.39
uvig_409809	CheckV-026759	1	3.12	108	1.4	37.4	40.39
uvig_409809	CheckV-035094	1	3.12	108	1.4	37.4	40.39
uvig_409809	CheckV-024712	1	3.12	108	1.4	37.4	40.39
uvig_409809	CheckV-026118	1	3.12	108	1.4	37.4	40.39
uvig_409809	CheckV-035326	1	3.12	108	1.4	37.4	40.39
uvig_409809	CheckV-024897	1	3.12	108	1.4	37.4	40.39
uvig_409809	CheckV-026522	1	3.12	108	1.4	37.4	40.39
uvig_409809	CheckV-024469	1	3.12	108	1.4	37.2	40.18
uvig_409809	CheckV-006069	1	3.12	104	1.35	38.6	40.14
uvig_409809	CheckV-038277	1	3.12	68	0.88	58.5	39.78
uvig_409809	CheckV-032047	1	3.12	68	0.88	58.5	39.78
uvig_409809	CheckV-024962	1	3.12	68	0.88	58.5	39.78
uvig_409809	CheckV-025750	1	3.12	68	0.88	58.5	39.78
uvig_409809	CheckV-029214	1	3.12	68	0.88	58.5	39.78
uvig_409809	CheckV-036364	1	3.12	68	0.88	58.5	39.78
uvig_409809	CheckV-013659	1	3.12	104	1.35	38.0	39.52
uvig_409809	CheckV-039038	1	3.12	108	1.4	36.4	39.31
uvig_409809	CheckV-027209	1	3.12	68	0.88	57.1	38.83
uvig_409809	CheckV-023026	1	3.12	68	0.88	56.1	38.15
uvig_409809	CheckV-029582	1	3.12	68	0.88	56.1	38.15
uvig_409809	CheckV-022138	1	3.12	108	1.4	35.3	38.12
uvig_409809	CheckV-038238	1	3.12	68	0.88	56.0	38.08
uvig_409809	CheckV-022130	1	3.12	68	0.88	55.8	37.94
uvig_409809	CheckV-010633	1	3.12	108	1.4	35.1	37.91
uvig_409809	CheckV-031827	1	3.12	108	1.4	35.0	37.8
uvig_409809	CheckV-022234	1	3.12	108	1.4	34.7	37.48
uvig_409809	CheckV-026206	1	3.12	68	0.88	54.9	37.33
uvig_409809	CheckV-039291	1	3.12	68	0.88	54.9	37.33
uvig_409809	CheckV-029557	1	3.12	68	0.88	54.8	37.26
uvig_409809	CheckV-019871	1	3.12	108	1.4	34.1	36.83
uvig_409809	CheckV-038994	1	3.12	68	0.88	53.4	36.31
uvig_409809	CheckV-022359	1	3.12	68	0.88	53.2	36.18
uvig_409809	CheckV-024651	1	3.12	68	0.88	53.2	36.18
uvig_409809	CheckV-027134	1	3.12	68	0.88	53.2	36.18
uvig_409809	CheckV-035014	1	3.12	68	0.88	53.2	36.18
uvig_409809	CheckV-026508	1	3.12	68	0.88	52.9	35.97
uvig_409809	CheckV-026669	1	3.12	68	0.88	52.9	35.97
uvig_409809	CheckV-006618	1	3.12	68	0.88	52.9	35.97
uvig_409809	CheckV-024053	1	3.12	108	1.4	33.3	35.96
uvig_409809	CheckV-014404	1	3.12	104	1.35	34.3	35.67
uvig_409809	CheckV-037634	1	3.12	68	0.88	52.3	35.56
uvig_409809	CheckV-027593	1	3.12	68	0.88	52.0	35.36
uvig_409809	CheckV-005603	1	3.12	68	0.88	52.0	35.36
uvig_409809	CheckV-025722	1	3.12	68	0.88	51.6	35.09
uvig_409809	CheckV-037006	1	3.12	68	0.88	49.2	33.46
uvig_409809	CheckV-027594	1	3.12	68	0.88	49.1	33.39
uvig_409809	CheckV-026725	1	3.12	68	0.88	49.1	33.39
uvig_409809	CheckV-030937	1	3.12	108	1.4	30.2	32.62
uvig_409809	CheckV-023336	1	3.12	68	0.88	47.2	32.1
uvig_409809	CheckV-024133	1	3.12	68	0.88	47.2	32.1
uvig_409809	CheckV-036003	1	3.12	68	0.88	47.2	32.1
uvig_409809	CheckV-037828	1	3.12	68	0.88	47.2	32.1
uvig_409809	CheckV-032233	1	3.12	68	0.88	47.2	32.1
uvig_409809	CheckV-026159	1	3.12	68	0.88	45.6	31.01
uvig_409809	CheckV-028611	1	3.12	68	0.88	43.9	29.85
uvig_409809	CheckV-036808	1	3.12	68	0.88	43.9	29.85
uvig_409809	CheckV-035799	1	3.12	68	0.88	43.1	29.31
